meeting_name,topic_name
第208回国会（常会）,日程第１　令和四年度一般会計予算
第208回国会（常会）,日程第２　令和四年度特別会計予算
第208回国会（常会）,日程第３　令和四年度政府関係機関予算
第204回国会（常会）,日程第１ 議院運営委員長水落敏栄君解任決議案（吉川沙織君外１名発議）
第204回国会（常会）,内閣委員長森屋宏君解任決議案（森本真治君外１名発議）
第204回国会（常会）,日程第１　令和三年度一般会計予算
第204回国会（常会）,日程第２　令和三年度特別会計予算
第204回国会（常会）,日程第３　令和三年度政府関係機関予算
第201回国会（常会）,日程第２　道路交通法の一部を改正する法律案（内閣提出）
第201回国会（常会）,日程第１　日本国憲法第八条の規定による議決案（衆議院送付）
第201回国会（常会）,国際金融公社への加盟に伴う措置に関する法律及び国際開発協会への加盟に伴う措置に関する法律の一部を改正する法律案（内閣提出、衆議院送付）
第201回国会（常会）,雇用保険法等の一部を改正する法律案（内閣提出、衆議院送付）
第201回国会（常会）,放送法第七十条第二項の規定に基づき、承認を求めるの件（衆議院送付）
第201回国会（常会）,令和二年度一般会計予算
第201回国会（常会）,令和二年度特別会計予算
第201回国会（常会）,令和二年度政府関係機関予算
第201回国会（常会）,日程第１　労働基準法の一部を改正する法律案（内閣提出、衆議院送付）
第201回国会（常会）,在外公館の名称及び位置並びに在外公館に勤務する外務公務員の給与に関する法律の一部を改正する法律案（内閣提出、衆議院送付）
第201回国会（常会）,家畜伝染病予防法の一部を改正する法律案（内閣提出、衆議院送付）
第201回国会（常会）,養豚農業振興法の一部を改正する法律案（衆議院提出）
第201回国会（常会）,土地基本法等の一部を改正する法律案（内閣提出、衆議院送付）
第201回国会（常会）,地方税法等の一部を改正する法律案（内閣提出、衆議院送付）
第201回国会（常会）,地方交付税法等の一部を改正する法律案（内閣提出、衆議院送付）
第201回国会（常会）,市町村の合併の特例に関する法律の一部を改正する法律案（内閣提出、衆議院送付）
第201回国会（常会）,所得税法等の一部を改正する法律案（内閣提出、衆議院送付）
第201回国会（常会）,関税定率法等の一部を改正する法律案（内閣提出、衆議院送付）
第201回国会（常会）,地震防災対策強化地域における地震対策緊急整備事業に係る国の財政上の特別措置に関する法律の一部を改正する法律案（衆議院提出）
第201回国会（常会）,日程第１　新型インフルエンザ等対策特別措置法の一部を改正する法律案（内閣提出、衆議院送付）
第201回国会（常会）,日程第１　国家公務員等の任命に関する件「国家公務員倫理審査会会長（秋吉淳一郎君）、情報公開・個人情報保護審査会委員（泉本小夜子君及び磯部哲君）、労働保険審査会委員（小畑史子君）、中央社会保険医療協議会公益委員（永瀬伸子君）、社会保険審査会委員（宇野敦子君）、運輸審議会委員（二村真理子君）及び公害健康被害補償不服審査会委員（石井彰君）」
第201回国会（常会）,日程第１　国家公務員等の任命に関する件「国家公務員倫理審査会委員（潜道文子君及び上野幹夫君）及び公安審査委員会委員（和田洋君）」
第201回国会（常会）,日程第１　国家公務員等の任命に関する件「情報公開・個人情報保護審査会委員（藤谷俊之君）」
第201回国会（常会）,日程第１　国家公務員等の任命に関する件「日本銀行政策委員会審議委員（安達誠司君）」
第201回国会（常会）,日程第１　国家公務員等の任命に関する件「中央社会保険医療協議会公益委員（小塩隆士君）及び社会保険審査会委員長（瀧澤泉君）」
第201回国会（常会）,日程第１　令和元年度一般会計補正予算（第１号）
第201回国会（常会）,日程第２　令和元年度特別会計補正予算（特第１号）
第201回国会（常会）,日程第３　令和元年度政府関係機関補正予算（機第１号）
第201回国会（常会）,家畜伝染病予防法の一部を改正する法律案（衆議院提出）
第201回国会（常会）,地方交付税法及び特別会計に関する法律の一部を改正する法律案（内閣提出、衆議院送付）
第201回国会（常会）,平成三十年度歳入歳出の決算上の剰余金の処理の特例に関する法律案（内閣提出、衆議院送付）
第198回国会（常会）,国際労働機関（ＩＬＯ）創設百周年に当たり、ＩＬＯに対する我が国の一層の貢献に関する決議案（猪口邦子君外７名発議）
第198回国会（常会）,参議院規則の一部を改正する規則案（礒崎陽輔君外７名発議）
第198回国会（常会）,参議院憲法審査会規程の一部を改正する規程案（礒崎陽輔君外７名発議）
第198回国会（常会）,参議院情報監視審査会規程の一部を改正する規程案（礒崎陽輔君外７名発議）
第198回国会（常会）,日程第１　内閣総理大臣安倍晋三君問責決議案（福山哲郎君外３名発議）
第198回国会（常会）,予算委員長金子原二郎君解任決議案（小西洋之君外４名発議）
第198回国会（常会）,財務大臣・金融担当大臣麻生太郎君問責決議案（蓮舫君外３名発議）
第198回国会（常会）,日程第１　日本国憲法第八条の規定による議決案（衆議院送付）
第198回国会（常会）,日程第２　学校教育の情報化の推進に関する法律案（衆議院提出）
第198回国会（常会）,日程第３　日本語教育の推進に関する法律案（衆議院提出）
第198回国会（常会）,日程第４　愛玩動物看護師法案（衆議院提出）
第198回国会（常会）,参議院規則の一部を改正する規則案（礒崎陽輔君外３名発議）
第198回国会（常会）,日程第１　私的独占の禁止及び公正取引の確保に関する法律の一部を改正する法律案（内閣提出、衆議院送付）
第198回国会（常会）,日程第２　法科大学院の教育と司法試験等との連携等に関する法律等の一部を改正する法律案（内閣提出、衆議院送付）
第198回国会（常会）,日程第３　視覚障害者等の読書環境の整備の推進に関する法律案（文教科学委員長提出）
第198回国会（常会）,日程第４　児童虐待防止対策の強化を図るための児童福祉法等の一部を改正する法律案（内閣提出、衆議院送付）
第198回国会（常会）,日程第１　平成二十九年度一般会計歳入歳出決算、平成二十九年度特別会計歳入歳出決算、平成二十九年度国税収納金整理資金受払計算書、平成二十九年度政府関係機関決算書「委員長報告のとおり是認すること」
第198回国会（常会）,日程第１　平成二十九年度一般会計歳入歳出決算、平成二十九年度特別会計歳入歳出決算、平成二十九年度国税収納金整理資金受払計算書、平成二十九年度政府関係機関決算書「委員長報告のとおり内閣に対し警告すること」
第198回国会（常会）,日程第２　平成二十九年度国有財産増減及び現在額総計算書
第198回国会（常会）,日程第３　平成二十九年度国有財産無償貸付状況総計算書
第198回国会（常会）,日程第１　特定船舶の入港の禁止に関する特別措置法第五条第一項の規定に基づき、特定船舶の入港禁止の実施につき承認を求めるの件（衆議院送付）
第198回国会（常会）,日程第２　棚田地域振興法案（衆議院提出）
第198回国会（常会）,日程第３　動物の愛護及び管理に関する法律等の一部を改正する法律案（衆議院提出）
第198回国会（常会）,日程第４　浄化槽法の一部を改正する法律案（衆議院提出）
第198回国会（常会）,日程第５　子どもの貧困対策の推進に関する法律の一部を改正する法律案（衆議院提出）
第198回国会（常会）,国家公務員等の任命に関する件「検査官（田中弥生君）」
第198回国会（常会）,国家公務員等の任命に関する件「原子力委員会委員（中西友子君）、日本放送協会経営委員会委員（明石伸子君、堰八義博君及び村田晃嗣君）、労働保険審査会委員（鈴木麻里子君）及び原子力規制委員会委員（石渡明君及び田中知君）」
第198回国会（常会）,国家公務員等の任命に関する件「公認会計士・監査審査会委員（勝尾裕子君）、預金保険機構理事（内藤浩文君及び手塚明良君）、労働保険審査会委員（室井純子君）、中央社会保険医療協議会公益委員（荒井耕君及び秋山美紀君）及び社会保険審査会委員（高野伸君）」
第198回国会（常会）,国家公務員等の任命に関する件「日本放送協会経営委員会委員（高橋正美君及び渡邊博美君）」
第198回国会（常会）,日程第２　公共工事の品質確保の促進に関する法律の一部を改正する法律案（衆議院提出）
第198回国会（常会）,日程第３　成年被後見人等の権利の制限に係る措置の適正化等を図るための関係法律の整備に関する法律案（第１９６回国会内閣提出、第１９８回国会衆議院送付）
第198回国会（常会）,日程第４　障害者の雇用の促進等に関する法律の一部を改正する法律案（内閣提出、衆議院送付）
第198回国会（常会）,日程第５　民法等の一部を改正する法律案（内閣提出、衆議院送付）
第198回国会（常会）,日程第１　平成二十九年度一般会計予備費使用総調書及び各省各庁所管使用調書（その１）（第１９６回国会内閣提出、第１９８回国会衆議院送付）
第198回国会（常会）,日程第２　平成二十九年度一般会計予備費使用総調書及び各省各庁所管使用調書（その２）（第１９６回国会内閣提出、第１９８回国会衆議院送付）
第198回国会（常会）,日程第３　国会議員の歳費、旅費及び手当等に関する法律の一部を改正する法律案（藤巻健史君発議）
第198回国会（常会）,日程第４　国会議員の歳費、旅費及び手当等に関する法律の一部を改正する法律案（岡田直樹君外４名発議）
第198回国会（常会）,日程第５　国会議員の歳費、旅費及び手当等に関する法律等の一部を改正する法律案（難波奨二君発議）
第198回国会（常会）,日程第６　国有林野の管理経営に関する法律等の一部を改正する法律案（内閣提出、衆議院送付）
第198回国会（常会）,日程第７　建設業法及び公共工事の入札及び契約の適正化の促進に関する法律の一部を改正する法律案（内閣提出、衆議院送付）
第198回国会（常会）,日程第１　災害弔慰金の支給等に関する法律の一部を改正する法律案（衆議院提出）
第198回国会（常会）,日程第２　自殺対策の総合的かつ効果的な実施に資するための調査研究及びその成果の活用等の推進に関する法律案（厚生労働委員長提出）
第198回国会（常会）,日程第３　死因究明等推進基本法案（厚生労働委員長提出）
第198回国会（常会）,日程第４　情報通信技術の進展に伴う金融取引の多様化に対応するための資金決済に関する法律等の一部を改正する法律案（内閣提出、衆議院送付）
第198回国会（常会）,日程第５　地域の自主性及び自立性を高めるための改革の推進を図るための関係法律の整備に関する法律案（内閣提出、衆議院送付）
第198回国会（常会）,日程第１　投資の促進及び保護に関する日本国とアルゼンチン共和国との間の協定の締結について承認を求めるの件（衆議院送付）
第198回国会（常会）,日程第２　所得に対する租税に関する二重課税の除去並びに脱税及び租税回避の防止のための日本国とスペイン王国との間の条約の締結について承認を求めるの件（衆議院送付）
第198回国会（常会）,日程第３　所得に対する租税に関する二重課税の除去並びに脱税及び租税回避の防止のための日本国とクロアチア共和国との間の協定の締結について承認を求めるの件（衆議院送付）
第198回国会（常会）,日程第４　所得に対する租税に関する二重課税の除去並びに脱税及び租税回避の防止のための日本国とコロンビア共和国との間の条約の締結について承認を求めるの件（衆議院送付）
第198回国会（常会）,日程第５　所得に対する租税に関する二重課税の除去並びに脱税及び租税回避の防止のための日本国とエクアドル共和国との間の条約の締結について承認を求めるの件（衆議院送付）
第198回国会（常会）,日程第６　女性の職業生活における活躍の推進に関する法律等の一部を改正する法律案（内閣提出、衆議院送付）
第198回国会（常会）,日程第７　フロン類の使用の合理化及び管理の適正化に関する法律の一部を改正する法律案（内閣提出、衆議院送付）
第198回国会（常会）,日程第８　中小企業の事業活動の継続に資するための中小企業等経営強化法等の一部を改正する法律案（内閣提出、衆議院送付）
第198回国会（常会）,日程第９　放送法の一部を改正する法律案（内閣提出、衆議院送付）
第198回国会（常会）,日程第１　食品ロスの削減の推進に関する法律案（衆議院提出）
第198回国会（常会）,日程第２　戸籍法の一部を改正する法律案（内閣提出、衆議院送付）
第198回国会（常会）,日程第３　船舶油濁損害賠償保障法の一部を改正する法律案（内閣提出、衆議院送付）
第198回国会（常会）,日程第４　情報通信技術の活用による行政手続等に係る関係者の利便性の向上並びに行政運営の簡素化及び効率化を図るための行政手続等における情報通信の技術の利用に関する法律等の一部を改正する法律案（内閣提出、衆議院送付）
第198回国会（常会）,日程第１　中央北極海における規制されていない公海漁業を防止するための協定の締結について承認を求めるの件（衆議院送付）
第198回国会（常会）,日程第２　表題部所有者不明土地の登記及び管理の適正化に関する法律案（内閣提出、衆議院送付）
第198回国会（常会）,日程第３　道路運送車両法の一部を改正する法律案（内閣提出、衆議院送付）
第198回国会（常会）,日程第４　国会議事堂、内閣総理大臣官邸その他の国の重要な施設等、外国公館等及び原子力事業所の周辺地域の上空における小型無人機等の飛行の禁止に関する法律等の一部を改正する法律案（内閣提出、衆議院送付）
第198回国会（常会）,日程第５　金融機能の早期健全化のための緊急措置に関する法律の一部を改正する法律案（内閣提出、衆議院送付）
第198回国会（常会）,日程第６　学校教育法等の一部を改正する法律案（内閣提出、衆議院送付）
第198回国会（常会）,日程第７　農地中間管理事業の推進に関する法律等の一部を改正する法律案（内閣提出、衆議院送付）
第198回国会（常会）,日程第２　二千一年の燃料油による汚染損害についての民事責任に関する国際条約の締結について承認を求めるの件（衆議院送付）
第198回国会（常会）,日程第３　二千七年の難破物の除去に関するナイロビ国際条約の締結について承認を求めるの件（衆議院送付）
第198回国会（常会）,日程第４　医療保険制度の適正かつ効率的な運営を図るための健康保険法等の一部を改正する法律案（内閣提出、衆議院送付）
第198回国会（常会）,日程第１　建築物のエネルギー消費性能の向上に関する法律の一部を改正する法律案（内閣提出、衆議院送付）
第198回国会（常会）,日程第２　大学等における修学の支援に関する法律案（内閣提出、衆議院送付）
第198回国会（常会）,日程第３　特許法等の一部を改正する法律案（内閣提出、衆議院送付）
第198回国会（常会）,日程第４　民事執行法及び国際的な子の奪取の民事上の側面に関する条約の実施に関する法律の一部を改正する法律案（内閣提出、衆議院送付）
第198回国会（常会）,日程第５　電波法の一部を改正する法律案（内閣提出、衆議院送付）
第198回国会（常会）,日程第６　電気通信事業法の一部を改正する法律案（内閣提出、衆議院送付）
第198回国会（常会）,日程第７　子ども・子育て支援法の一部を改正する法律案（内閣提出、衆議院送付）
第198回国会（常会）,日程第１　日本国の自衛隊とカナダ軍隊との間における物品又は役務の相互の提供に関する日本国政府とカナダ政府との間の協定の締結について承認を求めるの件（衆議院送付）
第198回国会（常会）,日程第２　日本国の自衛隊とフランス共和国の軍隊との間における物品又は役務の相互の提供に関する日本国政府とフランス共和国政府との間の協定の締結について承認を求めるの件（衆議院送付）
第198回国会（常会）,日程第３　国会議員の選挙等の執行経費の基準に関する法律及び公職選挙法の一部を改正する法律案（内閣提出、衆議院送付）
第198回国会（常会）,日程第１　防衛省設置法等の一部を改正する法律案（内閣提出、衆議院送付）
第198回国会（常会）,日程第２　旧優生保護法に基づく優生手術等を受けた者に対する一時金の支給等に関する法律案（衆議院提出）
第198回国会（常会）,日程第３　自然環境保全法の一部を改正する法律案（内閣提出、衆議院送付）
第198回国会（常会）,日程第１　平成三十七年に開催される国際博覧会の準備及び運営のために必要な特別措置に関する法律案（内閣提出、衆議院送付）
第198回国会（常会）,日程第２　裁判所職員定員法の一部を改正する法律案（内閣提出、衆議院送付）
第198回国会（常会）,日程第３　農業用ため池の管理及び保全に関する法律案（内閣提出、衆議院送付）
第198回国会（常会）,日程第４　アイヌの人々の誇りが尊重される社会を実現するための施策の推進に関する法律案（内閣提出、衆議院送付）
第198回国会（常会）,日程第１　司法書士法及び土地家屋調査士法の一部を改正する法律案（内閣提出）
第198回国会（常会）,日程第２　航空法及び運輸安全委員会設置法の一部を改正する法律案（内閣提出）
第198回国会（常会）,日程第３　道路交通法の一部を改正する法律案（内閣提出）
第198回国会（常会）,日程第４　特定農産加工業経営改善臨時措置法の一部を改正する法律案（内閣提出）
第198回国会（常会）,国家公務員等の任命に関する件①「会計検査院情報公開・個人情報保護審査会委員（吉田広司君、堀江正之君及び飯島淳子君）、衆議院議員選挙区画定審議会委員（高橋滋君及び宍戸常寿君）、公益認定等委員会委員（小林敬子君、小森幹夫君、亀谷かをり君、藤井邦子君及び佐藤彰紘君）、公正取引委員会委員（山本和史君）、公認会計士・監査審査会会長（櫻井久勝君）、同委員（松井隆幸君、玉井裕子君、佐藤淑子君、徳賀芳弘君、水口啓子君及び皆川邦仁君）、…②へ続く」
第198回国会（常会）,国家公務員等の任命に関する件②「①からの続き…行政不服審査会委員（原優君、戸谷博子君、伊藤浩君、中原茂樹君、川口貴公美君及び佐脇敦子君）、情報公開・個人情報保護審査会委員（小泉博嗣君、白井玲子君、秋定裕子君、佐藤郁美君、木村麿君、中川丈久君及び久末弥生君）、中央更生保護審査会委員（岡田幸之君）及び公害健康被害補償不服審査会委員（山崎まさよ君）」
第198回国会（常会）,国家公務員等の任命に関する件「衆議院議員選挙区画定審議会委員（加藤淳子君、川人貞史君、久保信保君、住田裕子君及び宮崎緑君）、公益認定等委員会委員（佐久間総一郎君及び安藤まこと君）、公認会計士・監査審査会委員（山田辰己君及び吉田慶太君）、情報公開・個人情報保護審査会委員（高野修一君及び池田陽子君）及び公害健康被害補償不服審査会委員（武田克彦君）」
第198回国会（常会）,日程第１　成田国際空港周辺整備のための国の財政上の特別措置に関する法律の一部を改正する法律案（内閣提出、衆議院送付）
第198回国会（常会）,日程第２　放送法第七十条第二項の規定に基づき、承認を求めるの件（衆議院送付）
第198回国会（常会）,日程第３　関税定率法及び関税暫定措置法の一部を改正する法律案（内閣提出、衆議院送付）
第198回国会（常会）,日程第４　国際通貨基金及び国際復興開発銀行への加盟に伴う措置に関する法律の一部を改正する法律案（内閣提出、衆議院送付）
第198回国会（常会）,日程第５　在外公館の名称及び位置並びに在外公館に勤務する外務公務員の給与に関する法律の一部を改正する法律案（内閣提出、衆議院送付）
第198回国会（常会）,日程第６　奄美群島振興開発特別措置法及び小笠原諸島振興開発特別措置法の一部を改正する法律案（内閣提出、衆議院送付）
第198回国会（常会）,日程第７　警察法の一部を改正する法律案（内閣提出、衆議院送付）
第198回国会（常会）,平成三十一年度一般会計予算
第198回国会（常会）,平成三十一年度特別会計予算
第198回国会（常会）,平成三十一年度政府関係機関予算
第198回国会（常会）,地方税法等の一部を改正する法律案（内閣提出、衆議院送付）
第198回国会（常会）,特別法人事業税及び特別法人事業譲与税に関する法律案（内閣提出、衆議院送付）
第198回国会（常会）,森林環境税及び森林環境譲与税に関する法律案（内閣提出、衆議院送付）
第198回国会（常会）,地方交付税法等の一部を改正する法律案（内閣提出、衆議院送付）
第198回国会（常会）,所得税法等の一部を改正する法律案（内閣提出、衆議院送付）
第198回国会（常会）,特定防衛調達に係る国庫債務負担行為により支出すべき年限に関する特別措置法の一部を改正する法律案（内閣提出、衆議院送付）
第198回国会（常会）,日程第１　国家公務員等の任命に関する件「総合科学技術・イノベーション会議議員（上山隆大君）」
第198回国会（常会）,日程第１　国家公務員等の任命に関する件「総合科学技術・イノベーション会議議員（小谷元子君及び篠原弘道君）、中央労働委員会公益委員（荒木尚志君）及び運輸審議会委員（原田尚志君）」
第198回国会（常会）,日程第１　国家公務員等の任命に関する件「預金保険機構理事長（三國谷勝範君）」
第198回国会（常会）,日程第１　国家公務員等の任命に関する件「預金保険機構理事（保坂直樹君及び久田高正君）、同監事（坂本裕子君）、電波監理審議会委員（饗庭由理子君及び林秀弥君）、労働保険審査会委員（鰺坂隆一君及び都築民枝君）、中央社会保険医療協議会公益委員（中村洋君及び長谷川ふ佐子君）、社会保険審査会委員（大谷すみれ君）、中央労働委員会公益委員（岩村正彦君、畠山稔君、沖野眞已君、角田美穂子君、守島基博君、高橋佳代君、杉原麗君、 磯部哲君、松下淳一君、森戸英幸君、両角道代君、柴田和史君、鹿士眞由美君及び相原佳子君）、運輸安全委員会委員長（武田展雄君）及び同委員（柿嶋美子君、宮下徹君、宮澤與和君及び中西美和君）」
第198回国会（常会）,日程第１　平成三十年度一般会計補正予算（第２号）
第198回国会（常会）,日程第２　平成三十年度特別会計補正予算（特第２号）
第198回国会（常会）,平成三十年度分として交付すべき地方交付税の総額の特例に関する法律案（内閣提出、衆議院送付）
第196回国会（常会）,日程第１　特定複合観光施設区域整備法案（内閣提出、衆議院送付）
第196回国会（常会）,平成三十年特定災害関連義援金に係る差押禁止等に関する法律案（衆議院提出）
第196回国会（常会）,参議院規則の一部を改正する規則案（山本順三君外９名発議）
第196回国会（常会）,日程第１　議長不信任決議案（大塚耕平君外５名発議）
第196回国会（常会）,国務大臣石井啓一君問責決議案（矢田わか子君外４名発議）
第196回国会（常会）,日程第１　健康増進法の一部を改正する法律案（内閣提出、衆議院送付）
第196回国会（常会）,日程第２　北方領土問題等の解決の促進のための特別措置に関する法律の一部を改正する法律案（衆議院提出）
第196回国会（常会）,日程第３　北方地域旧漁業権者等に対する特別措置に関する法律の一部を改正する法律案（衆議院提出）
第196回国会（常会）,内閣委員長柘植芳文君解任決議案（浜口誠君外４名発議）
第196回国会（常会）,平成三十年七月豪雨の災害対策に関する決議案（山本順三君外１４名発議）
第196回国会（常会）,日程第１　公職選挙法の一部を改正する法律案（西田実仁君外１名発議）
第196回国会（常会）,公職選挙法の一部を改正する法律案（橋本聖子君外１１名発議）
第196回国会（常会）,日程第２　民法及び家事事件手続法の一部を改正する法律案（内閣提出、衆議院送付）
第196回国会（常会）,日程第３　法務局における遺言書の保管等に関する法律案（内閣提出、衆議院送付）
第196回国会（常会）,日程第４　ギャンブル等依存症対策基本法案（衆議院提出）
第196回国会（常会）,日程第１　オゾン層を破壊する物質に関するモントリオール議定書の改正の受諾について承認を求めるの件（衆議院送付）
第196回国会（常会）,日程第２　環太平洋パートナーシップ協定の締結に伴う関係法律の整備に関する法律の一部を改正する法律案（内閣提出、衆議院送付）
第196回国会（常会）,日程第３　働き方改革を推進するための関係法律の整備に関する法律案（内閣提出、衆議院送付）
第196回国会（常会）,日程第４　労働安全衛生法の一部を改正する法律案（石橋通宏君外５名発議）
第196回国会（常会）,厚生労働大臣加藤勝信君問責決議案（足立信也君外５名発議）
第196回国会（常会）,日程第１　平成二十八年度一般会計歳入歳出決算、平成二十八年度特別会計歳入歳出決算、平成二十八年度国税収納金整理資金受払計算書、平成二十八年度政府関係機関決算書「委員長報告のとおり是認すること」
第196回国会（常会）,日程第１　平成二十八年度一般会計歳入歳出決算、平成二十八年度特別会計歳入歳出決算、平成二十八年度国税収納金整理資金受払計算書、平成二十八年度政府関係機関決算書「委員長報告のとおり内閣に対し警告すること」
第196回国会（常会）,日程第２　平成二十八年度国有財産増減及び現在額総計算書
第196回国会（常会）,日程第３　平成二十八年度国有財産無償貸付状況総計算書
第196回国会（常会）,日程第４　特定物質の規制等によるオゾン層の保護に関する法律の一部を改正する法律案（内閣提出、衆議院送付）
第196回国会（常会）,日程第１　公職選挙法の一部を改正する法律案（足立信也君外１３名発議）
第196回国会（常会）,日程第２　鉄道軌道整備法の一部を改正する法律案（衆議院提出）
第196回国会（常会）,日程第３　美しく豊かな自然を保護するための海岸における良好な景観及び環境の保全に係る海岸漂着物等の処理等の推進に関する法律の一部を改正する法律案（衆議院提出）
第196回国会（常会）,日程第４　卸売市場法及び食品流通構造改善促進法の一部を改正する法律案（内閣提出、衆議院送付）
第196回国会（常会）,日程第１　環太平洋パートナーシップに関する包括的及び先進的な協定の締結について承認を求めるの件（衆議院送付）
第196回国会（常会）,日程第２　平成二十八年度一般会計熊本地震復旧等予備費使用総調書及び各省各庁所管使用調書（第１９５回国会内閣提出、第１９６回国会衆議院送付）
第196回国会（常会）,日程第４　平成二十八年度特別会計予算総則第二十条第一項の規定による経費増額総調書及び各省各庁所管経費増額調書（第１９５回国会内閣提出、第１９６回国会衆議院送付）
第196回国会（常会）,日程第３　平成二十八年度一般会計予備費使用総調書及び各省各庁所管使用調書（第１９５回国会内閣提出、第１９６回国会衆議院送付）
第196回国会（常会）,日程第５　船舶の再資源化解体の適正な実施に関する法律案（内閣提出、衆議院送付）
第196回国会（常会）,日程第６　民法の一部を改正する法律案（内閣提出、衆議院送付）
第196回国会（常会）,日程第７　スポーツにおけるドーピングの防止活動の推進に関する法律案（衆議院提出）
第196回国会（常会）,日程第８　平成三十二年東京オリンピック競技大会・東京パラリンピック競技大会特別措置法及び平成三十一年ラグビーワールドカップ大会特別措置法の一部を改正する法律案（衆議院提出）
第196回国会（常会）,日程第９　スポーツ基本法の一部を改正する法律案（衆議院提出）
第196回国会（常会）,日程第１０　国民の祝日に関する法律の一部を改正する法律案（衆議院提出）
第196回国会（常会）,日程第１１　民間資金等の活用による公共施設等の整備等の促進に関する法律の一部を改正する法律案（内閣提出、衆議院送付）
第196回国会（常会）,日程第１　災害救助法の一部を改正する法律案（内閣提出、衆議院送付）
第196回国会（常会）,日程第２　消費者契約法の一部を改正する法律案（内閣提出、衆議院送付）
第196回国会（常会）,日程第３　文部科学省設置法の一部を改正する法律案（内閣提出、衆議院送付）
第196回国会（常会）,日程第４　農薬取締法の一部を改正する法律案（内閣提出、衆議院送付）
第196回国会（常会）,日程第５　日本放送協会平成二十五年度財産目録、貸借対照表、損益計算書、資本等変動計算書及びキャッシュ・フロー計算書並びにこれらに関する説明書
第196回国会（常会）,日程第６　日本放送協会平成二十六年度財産目録、貸借対照表、損益計算書、資本等変動計算書及びキャッシュ・フロー計算書並びにこれらに関する説明書
第196回国会（常会）,日程第７　日本放送協会平成二十七年度財産目録、貸借対照表、損益計算書、資本等変動計算書及びキャッシュ・フロー計算書並びにこれらに関する説明書
第196回国会（常会）,日程第８　日本放送協会平成二十八年度財産目録、貸借対照表、損益計算書、資本等変動計算書及びキャッシュ・フロー計算書並びにこれらに関する説明書
第196回国会（常会）,日程第１　気候変動適応法案（内閣提出、衆議院送付）
第196回国会（常会）,日程第２　所有者不明土地の利用の円滑化等に関する特別措置法案（内閣提出、衆議院送付）
第196回国会（常会）,日程第３　エネルギーの使用の合理化等に関する法律の一部を改正する法律案（内閣提出、衆議院送付）
第196回国会（常会）,日程第１　独立行政法人郵便貯金・簡易生命保険管理機構法の一部を改正する法律案（衆議院提出）
第196回国会（常会）,日程第２　生活困窮者等の自立を促進するための生活困窮者自立支援法等の一部を改正する法律案（内閣提出、衆議院送付）
第196回国会（常会）,日程第３　地域の自主性及び自立性を高めるための改革の推進を図るための関係法律の整備に関する法律案（内閣提出）
第196回国会（常会）,日程第４　文化財保護法及び地方教育行政の組織及び運営に関する法律の一部を改正する法律案（内閣提出、衆議院送付）
第196回国会（常会）,日程第５　土地改良法の一部を改正する法律案（内閣提出、衆議院送付）
第196回国会（常会）,日程第１　海外社会資本事業への我が国事業者の参入の促進に関する法律案（内閣提出、衆議院送付）
第196回国会（常会）,日程第２　地域における大学の振興及び若者の雇用機会の創出による若者の修学及び就業の促進に関する法律案（内閣提出、衆議院送付）
第196回国会（常会）,日程第３　地域再生法の一部を改正する法律案（内閣提出、衆議院送付）
第196回国会（常会）,日程第４　統計法及び独立行政法人統計センター法の一部を改正する法律案（内閣提出、衆議院送付）
第196回国会（常会）,日程第５　学校教育法等の一部を改正する法律案（内閣提出、衆議院送付）
第196回国会（常会）,日程第６　森林経営管理法案（内閣提出、衆議院送付）
第196回国会（常会）,日程第７　独立行政法人農林漁業信用基金法の一部を改正する法律案（内閣提出、衆議院送付）
第196回国会（常会）,日程第１　不正競争防止法等の一部を改正する法律案（内閣提出、衆議院送付）
第196回国会（常会）,日程第１　税源浸食及び利益移転を防止するための租税条約関連措置を実施するための多数国間条約の締結について承認を求めるの件（衆議院送付）
第196回国会（常会）,日程第２　所得に対する租税に関する二重課税の除去並びに脱税及び租税回避の防止のための日本国とデンマーク王国との間の条約の締結について承認を求めるの件（衆議院送付）
第196回国会（常会）,日程第３　所得に対する租税に関する二重課税の除去並びに脱税及び租税回避の防止のための日本国とアイスランドとの間の条約の締結について承認を求めるの件（衆議院送付）
第196回国会（常会）,日程第４　医療法及び医師法の一部を改正する法律案（内閣提出）
第196回国会（常会）,日程第５　厚生年金保険制度及び農林漁業団体職員共済組合制度の統合を図るための農林漁業団体職員共済組合法等を廃止する等の法律の一部を改正する法律案（内閣提出、衆議院送付）
第196回国会（常会）,日程第６　商法及び国際海上物品運送法の一部を改正する法律案（内閣提出、衆議院送付）
第196回国会（常会）,日程第７　著作権法の一部を改正する法律案（内閣提出、衆議院送付）
第196回国会（常会）,日程第８　高齢者、障害者等の移動等の円滑化の促進に関する法律の一部を改正する法律案（内閣提出、衆議院送付）
第196回国会（常会）,日程第１　所得に対する租税に関する二重課税の除去並びに脱税及び租税回避の防止のための日本国とリトアニア共和国との間の条約の締結について承認を求めるの件（衆議院送付）
第196回国会（常会）,日程第２　所得に対する租税に関する二重課税の除去並びに脱税及び租税回避の防止のための日本国とエストニア共和国との間の条約の締結について承認を求めるの件（衆議院送付）
第196回国会（常会）,日程第３　所得に対する租税に関する二重課税の除去並びに脱税及び租税回避の防止のための日本国政府とロシア連邦政府との間の条約の締結について承認を求めるの件（衆議院送付）
第196回国会（常会）,日程第４　投資の自由化、促進及び保護に関する日本国とアルメニア共和国との間の協定の締結について承認を求めるの件（衆議院送付）
第196回国会（常会）,日程第５　株式会社地域経済活性化支援機構法の一部を改正する法律案（内閣提出、衆議院送付）
第196回国会（常会）,日程第６　政治分野における男女共同参画の推進に関する法律案（衆議院提出）
第196回国会（常会）,日程第７　電気通信事業法及び国立研究開発法人情報通信研究機構法の一部を改正する法律案（内閣提出、衆議院送付）
第196回国会（常会）,日程第８　生産性向上特別措置法案（内閣提出、衆議院送付）
第196回国会（常会）,日程第９　産業競争力強化法等の一部を改正する法律案（内閣提出、衆議院送付）
第196回国会（常会）,日程第１　農業経営基盤強化促進法等の一部を改正する法律案（内閣提出、衆議院送付）
第196回国会（常会）,日程第１　盲人、視覚障害者その他の印刷物の判読に障害のある者が発行された著作物を利用する機会を促進するためのマラケシュ条約の締結について承認を求めるの件（衆議院送付）
第196回国会（常会）,日程第２　二千九年の船舶の安全かつ環境上適正な再資源化のための香港国際条約の締結について承認を求めるの件（衆議院送付）
第196回国会（常会）,日程第１　東日本大震災に伴う合併市町村に係る地方債の特例に関する法律の一部を改正する法律案（衆議院提出）
第196回国会（常会）,日程第２　障害者による文化芸術活動の推進に関する法律案（大野泰正君外８名発議）
第196回国会（常会）,日程第３　国際文化交流の祭典の実施の推進に関する法律案（上野通子君外９名発議）
第196回国会（常会）,日程第４　人事訴訟法等の一部を改正する法律案（内閣提出、衆議院送付）
第196回国会（常会）,日程第５　都市再生特別措置法等の一部を改正する法律案（内閣提出、衆議院送付）
第196回国会（常会）,日程第１　東日本大震災における原子力発電所の事故による災害に対処するための避難住民に係る事務処理の特例及び住所移転者に係る措置に関する法律に規定する指定都道府県の議会の議員の選挙区に関する臨時特例法案（衆議院提出）
第196回国会（常会）,日程第２　防衛省設置法及び自衛隊法の一部を改正する法律案（内閣提出、衆議院送付）
第196回国会（常会）,日程第３　食品衛生法等の一部を改正する法律案（内閣提出）
第196回国会（常会）,日程第１　裁判所職員定員法の一部を改正する法律案（内閣提出、衆議院送付）
第196回国会（常会）,日程第２　建築基準法の一部を改正する法律案（内閣提出）
第196回国会（常会）,日程第３　国際観光旅客税法案（内閣提出、衆議院送付）
第196回国会（常会）,日程第１　駐留軍関係離職者等臨時措置法及び国際協定の締結等に伴う漁業離職者に関する臨時措置法の一部を改正する法律案（内閣提出、衆議院送付）
第196回国会（常会）,日程第２　古物営業法の一部を改正する法律案（内閣提出）
第196回国会（常会）,日程第３　都市農地の貸借の円滑化に関する法律案（内閣提出）
第196回国会（常会）,日程第１　外国人観光旅客の旅行の容易化等の促進による国際観光の振興に関する法律の一部を改正する法律案（内閣提出、衆議院送付）「委員長報告のとおり修正議決すること」
第196回国会（常会）,日程第１　東日本大震災の被災者に対する援助のための日本司法支援センターの業務の特例に関する法律の一部を改正する法律案（衆議院提出）
第196回国会（常会）,日程第２　関税定率法等の一部を改正する法律案（内閣提出、衆議院送付）
第196回国会（常会）,保険業法等の一部を改正する法律の一部を改正する法律案（第１９５回国会内閣提出、第１９６回国会衆議院送付）
第196回国会（常会）,日程第３　公害健康被害の補償等に関する法律の一部を改正する法律案（内閣提出、衆議院送付）
第196回国会（常会）,日程第４　水産加工業施設改良資金融通臨時措置法の一部を改正する法律案（内閣提出、衆議院送付）
第196回国会（常会）,日程第５　在外公館の名称及び位置並びに在外公館に勤務する外務公務員の給与に関する法律の一部を改正する法律案（内閣提出、衆議院送付）
第196回国会（常会）,日程第６　道路法等の一部を改正する法律案（内閣提出、衆議院送付）
第196回国会（常会）,日程第７　子ども・子育て支援法の一部を改正する法律案（内閣提出、衆議院送付）
第196回国会（常会）,日程第８　放送法第七十条第二項の規定に基づき、承認を求めるの件（衆議院送付）
第196回国会（常会）,日程第１　平成三十年度一般会計予算
第196回国会（常会）,日程第２　平成三十年度特別会計予算
第196回国会（常会）,日程第３　平成三十年度政府関係機関予算
第196回国会（常会）,所得税法等の一部を改正する法律案（内閣提出、衆議院送付）
第196回国会（常会）,地方税法等の一部を改正する法律案（内閣提出、衆議院送付）
第196回国会（常会）,地方交付税法及び特別会計に関する法律の一部を改正する法律案（内閣提出、衆議院送付）
第196回国会（常会）,日程第１　国家公務員等の任命に関する件「人事官（立花宏君）」
第196回国会（常会）,日程第１　国家公務員等の任命に関する件「日本銀行総裁（黒田東彦君）」
第196回国会（常会）,日程第１　国家公務員等の任命に関する件「日本銀行副総裁（若田部昌澄君）」
第196回国会（常会）,日程第１　国家公務員等の任命に関する件「日本銀行副総裁（雨宮正佳君）」
第196回国会（常会）,日程第１　国家公務員等の任命に関する件「食品安全委員会委員（佐藤洋君、川西徹君、香西みどり君、堀口逸子君及び伊藤充君）、行政不服審査会委員（交告尚史君及び中山ひとみ君）、国地方係争処理委員会委員（富越和厚君、成瀬純子君、牛尾陽子君、辻也君及び齋藤誠君）及び労働保険審査会委員（渡邉英寿君）」
第196回国会（常会）,日程第１　国家公務員等の任命に関する件「食品安全委員会委員（吉田緑君）及び行政不服審査会委員（戸塚誠君）」
第196回国会（常会）,日程第１　国家公務員等の任命に関する件「再就職等監視委員会委員長（井上弘通君）、同委員（伊東研祐君、篠原文也君、平田眞理子君及び鍋島美香君）及び公害健康被害補償不服審査会委員（佐脇浩君及び佐々木隆一郎君）」
第196回国会（常会）,日程第１　国家公務員等の任命に関する件「運輸審議会委員（和田貴志君）」
第196回国会（常会）,日程第１　国家公務員等の任命に関する件「検査官（森田祐司君）」
第196回国会（常会）,日程第１　国家公務員等の任命に関する件「公正取引委員会委員長（杉本和行君）」
第196回国会（常会）,日程第１　国家公務員等の任命に関する件「総合科学技術・イノベーション会議議員（小林喜光君）」
第196回国会（常会）,日程第１　国家公務員等の任命に関する件「総合科学技術・イノベーション会議議員（松尾清一君、梶原ゆみ子君及び橋本和仁君）及び運輸審議会委員（山田攝子君）」
第196回国会（常会）,日程第１　国家公務員等の任命に関する件「国家公安委員会委員（小田尚君）、日本放送協会経営委員会委員（槍田松瑩君及び村田晃嗣君）及び調達価格等算定委員会委員（山内弘隆君及び山地憲治君）」
第196回国会（常会）,日程第１　国家公務員等の任命に関する件「電波監理審議会委員（吉田進君及び長田三紀君）、日本放送協会経営委員会委員（葛西雅子君及び佐藤友美子君）、中央更生保護審査会委員（岳野尚代君）、労働保険審査会委員（井上繁規君及び東郷眞子君）、中央社会保険医療協議会公益委員（田辺国昭君及び岡村由美君）、社会保険審査会委員（中森正二君）及び調達価格等算定委員会委員（松村敏弘君、高村ゆかり君及び大石美奈子君）」
第196回国会（常会）,日程第１　国家公務員等の任命に関する件「日本放送協会経営委員会委員（森下俊三君）及び社会保険審査会委員（後藤昭夫君）」
第196回国会（常会）,日程第１　国家公務員等の任命に関する件「中央更生保護審査会委員（加藤朋寛君）」
第196回国会（常会）,平成二十九年度一般会計補正予算（第１号）
第196回国会（常会）,平成二十九年度特別会計補正予算（特第１号）
第196回国会（常会）,日程第１　株式会社東日本大震災事業者再生支援機構法の一部を改正する法律案（衆議院提出）
第193回国会（常会）,日程第１　社会保障に関する日本国とスロバキア共和国との間の協定の締結について承認を求めるの件（衆議院送付）
第193回国会（常会）,日程第２　社会保障に関する日本国とチェコ共和国との間の協定を改正する議定書の締結について承認を求めるの件（衆議院送付）
第193回国会（常会）,日程第３　農業災害補償法の一部を改正する法律案（内閣提出、衆議院送付）
第193回国会（常会）,文化芸術振興基本法の一部を改正する法律案（衆議院提出）
第193回国会（常会）,刑法の一部を改正する法律案（内閣提出、衆議院送付）
第193回国会（常会）,国家戦略特別区域法及び構造改革特別区域法の一部を改正する法律案（内閣提出、衆議院送付）
第193回国会（常会）,青少年が安全に安心してインターネットを利用できる環境の整備等に関する法律の一部を改正する法律案（衆議院提出）
第193回国会（常会）,本動議に対する討論その他の発言時間は一人十分に制限することの動議（牧野たかお君外１名提出）・・「中間報告を求めること」
第193回国会（常会）,日程第１　法務委員会において審査中の組織的な犯罪の処罰及び犯罪収益の規制等に関する法律等の一部を改正する法律案について、速やかに法務委員長の中間報告を求めることの動議（牧野たかお君提出）
第193回国会（常会）,本動議に対する討論その他の発言時間は一人十分に制限することの動議（牧野たかお君提出）・・「議院の会議において直ちに審議すること」
第193回国会（常会）,中間報告があった組織的な犯罪の処罰及び犯罪収益の規制等に関する法律等の一部を改正する法律案は、議院の会議において直ちに審議することの動議（牧野たかお君提出）
第193回国会（常会）,本案に対する質疑、討論その他の発言時間は一人十分に制限することの動議（牧野たかお君外１名提出）
第193回国会（常会）,組織的な犯罪の処罰及び犯罪収益の規制等に関する法律等の一部を改正する法律案（内閣提出、衆議院送付）
第193回国会（常会）,日程第１　公職選挙法の一部を改正する法律案（衆議院提出）
第193回国会（常会）,日程第２　特定船舶の入港の禁止に関する特別措置法第五条第一項の規定に基づき、特定船舶の入港禁止の実施につき承認を求めるの件（第１９２回国会内閣提出、第１９３回国会衆議院送付）
第193回国会（常会）,日程第３　特定船舶の入港の禁止に関する特別措置法第五条第一項の規定に基づき、特定船舶の入港禁止の実施につき承認を求めるの件（衆議院送付）
第193回国会（常会）,日程第４　商業捕鯨の実施等のための鯨類科学調査の実施に関する法律案（徳永エリ君外６名発議）
第193回国会（常会）,日程第５　児童福祉法及び児童虐待の防止等に関する法律の一部を改正する法律案（内閣提出、衆議院送付）
第193回国会（常会）,日程第６　ホームレスの自立の支援等に関する特別措置法の一部を改正する法律案（衆議院提出）
第193回国会（常会）,本決議案の議事における発言時間は趣旨説明については十五分、討論その他については一人十分に制限することの動議（牧野たかお君外１名提出）・・「国務大臣山本幸三君問責決議案（相原久美子君外１名発議）」
第193回国会（常会）,国務大臣山本幸三君問責決議案（相原久美子君外１名発議）
第193回国会（常会）,本決議案の議事における発言時間は趣旨説明については十五分、討論その他については一人十分に制限することの動議（牧野たかお君外１名提出）・・「法務大臣金田勝年君問責決議案（真山勇一君外２名発議）」
第193回国会（常会）,法務大臣金田勝年君問責決議案（真山勇一君外２名発議）
第193回国会（常会）,「法務委員会において審査中の組織的な犯罪の処罰及び犯罪収益の規制等に関する法律等の一部を改正する法律案について、速やかに法務委員長の中間報告を求めることの動議」をこの際議題とすることの動議（牧野たかお君提出）
第193回国会（常会）,本決議案の議事における発言時間は趣旨説明については十五分、討論その他については一人十分に制限することの動議（牧野たかお君外１名提出）・・「議院運営委員長山本順三君解任決議案（吉川沙織君外１名発議）」
第193回国会（常会）,議院運営委員長山本順三君解任決議案（吉川沙織君外１名発議）
第193回国会（常会）,日程第１　投資の促進及び保護に関する日本国政府とケニア共和国政府との間の協定の締結について承認を求めるの件（衆議院送付）
第193回国会（常会）,日程第２　投資の自由化、促進及び保護に関する日本国とイスラエル国との間の協定の締結について承認を求めるの件（衆議院送付）
第193回国会（常会）,日程第３　衆議院議員選挙区画定審議会設置法及び公職選挙法の一部を改正する法律の一部を改正する法律案（内閣提出、衆議院送付）
第193回国会（常会）,日程第４　天皇の退位等に関する皇室典範特例法案（内閣提出、衆議院送付）
第193回国会（常会）,日程第５　外国為替及び外国貿易法第十条第二項の規定に基づき、北朝鮮を仕向地とする貨物の輸出及び北朝鮮を原産地又は船積地域とする貨物の輸入につき承認義務を課する等の措置を講じたことについて承認を求めるの件（衆議院送付）
第193回国会（常会）,日程第６　厚生労働省設置法の一部を改正する法律案（内閣提出、衆議院送付）
第193回国会（常会）,日程第７　廃棄物の処理及び清掃に関する法律の一部を改正する法律案（内閣提出、衆議院送付）
第193回国会（常会）,日程第８　特定有害廃棄物等の輸出入等の規制に関する法律の一部を改正する法律案（内閣提出、衆議院送付）
第193回国会（常会）,日程第９　地方自治法第百五十六条第四項の規定に基づき、福島地方環境事務所の設置に関し承認を求めるの件（衆議院送付）
第193回国会（常会）,日程第１０　電子委任状の普及の促進に関する法律案（内閣提出、衆議院送付）
第193回国会（常会）,日程第１１　住宅宿泊事業法案（内閣提出、衆議院送付）
第193回国会（常会）,日程第１２　畜産経営の安定に関する法律及び独立行政法人農畜産業振興機構法の一部を改正する法律案（内閣提出、衆議院送付）
第193回国会（常会）,法務委員長秋野公造君解任決議案（真山勇一君外１名発議）
第193回国会（常会）,日程第１　平成二十七年度一般会計歳入歳出決算、平成二十七年度特別会計歳入歳出決算、平成二十七年度国税収納金整理資金受払計算書、平成二十七年度政府関係機関決算書「委員長報告のとおり是認すること」
第193回国会（常会）,日程第１　平成二十七年度一般会計歳入歳出決算、平成二十七年度特別会計歳入歳出決算、平成二十七年度国税収納金整理資金受払計算書、平成二十七年度政府関係機関決算書「委員長報告のとおり内閣に対し警告すること」
第193回国会（常会）,日程第２　平成二十七年度国有財産増減及び現在額総計算書
第193回国会（常会）,日程第３　平成二十七年度国有財産無償貸付状況総計算書
第193回国会（常会）,日程第４　原子力の平和的利用における協力のための日本国政府とインド共和国政府との間の協定の締結について承認を求めるの件（衆議院送付）
第193回国会（常会）,日程第５　医療法等の一部を改正する法律案（内閣提出、衆議院送付）
第193回国会（常会）,日程第６　中小企業の経営の改善発達を促進するための中小企業信用保険法等の一部を改正する法律案（内閣提出、衆議院送付）
第193回国会（常会）,日程第１　港湾法の一部を改正する法律案（内閣提出、衆議院送付）
第193回国会（常会）,日程第２　地方自治法等の一部を改正する法律案（内閣提出、衆議院送付）
第193回国会（常会）,日程第１　独立行政法人国民生活センター法等の一部を改正する法律案（内閣提出、衆議院送付）
第193回国会（常会）,日程第２　防衛省設置法等の一部を改正する法律案（内閣提出、衆議院送付）
第193回国会（常会）,日程第３　通訳案内士法及び旅行業法の一部を改正する法律案（内閣提出、衆議院送付）
第193回国会（常会）,日程第４　銀行法等の一部を改正する法律案（内閣提出、衆議院送付）
第193回国会（常会）,日程第５　絶滅のおそれのある野生動植物の種の保存に関する法律の一部を改正する法律案（内閣提出、衆議院送付）
第193回国会（常会）,日程第６　企業立地の促進等による地域における産業集積の形成及び活性化に関する法律の一部を改正する法律案（内閣提出、衆議院送付）
第193回国会（常会）,日程第７　地域包括ケアシステムの強化のための介護保険法等の一部を改正する法律案（内閣提出、衆議院送付）
第193回国会（常会）,日程第８　民法の一部を改正する法律案（第１８９回国会内閣提出、第１９３回国会衆議院送付）
第193回国会（常会）,日程第９　民法の一部を改正する法律の施行に伴う関係法律の整備等に関する法律案（第１８９回国会内閣提出、第１９３回国会衆議院送付）
第193回国会（常会）,日程第１０　農村地域工業等導入促進法の一部を改正する法律案（内閣提出、衆議院送付）
第193回国会（常会）,国家公務員等の任命に関する件「人事官（一宮なほみ君）」
第193回国会（常会）,国家公務員等の任命に関する件「原子力規制委員会委員長（更田豊志君）」
第193回国会（常会）,国家公務員等の任命に関する件「公正取引委員会委員（小島吉晴君）及び運輸安全委員会委員（佐藤雄二君）」
第193回国会（常会）,国家公務員等の任命に関する件「預金保険機構理事（貴志浩平君）」
第193回国会（常会）,国家公務員等の任命に関する件「預金保険機構理事（手塚明良君）、情報公開・個人情報保護審査会委員（市川玲子君及び常岡孝好君）、公害等調整委員会委員長（荒井勉君）、同委員（吉村英子君及び加藤一実君）、中央更生保護審査会委員長（倉吉敬君）、労働保険審査会委員（金岡京子君）、土地鑑定委員会委員（加藤瑞貴君、清常智之君、小津稚加子君、亀島祝子君、河合芳樹君、森田修君及び若崎周君）及び運輸安全委員会委員（田村兼吉君及び安田満喜子君）」
第193回国会（常会）,国家公務員等の任命に関する件「情報公開・個人情報保護審査会委員（山名学君）」
第193回国会（常会）,国家公務員等の任命に関する件「日本銀行政策委員会審議委員（片岡剛士君）」
第193回国会（常会）,国家公務員等の任命に関する件「日本銀行政策委員会審議委員（鈴木人司君）及び原子力規制委員会委員（山中伸介君）」
第193回国会（常会）,国家公務員等の任命に関する件「中央社会保険医療協議会公益委員（荒井耕君及び野口晴子君）」
第193回国会（常会）,日程第１　平成二十七年度一般会計予備費使用総調書及び各省各庁所管使用調書（その１）（第１９０回国会内閣提出、第１９３回国会衆議院送付）
第193回国会（常会）,日程第２　平成二十七年度一般会計予備費使用総調書及び各省各庁所管使用調書（その２）（第１９０回国会内閣提出、第１９３回国会衆議院送付）
第193回国会（常会）,日程第３　学校教育法の一部を改正する法律案（内閣提出、衆議院送付）
第193回国会（常会）,日程第１　道路運送車両法の一部を改正する法律案（内閣提出、衆議院送付）
第193回国会（常会）,日程第２　土地改良法等の一部を改正する法律案（内閣提出、衆議院送付）
第193回国会（常会）,日程第１　所得に対する租税に関する二重課税の除去並びに脱税及び租税回避の防止のための日本国とスロベニア共和国との間の条約の締結について承認を求めるの件（衆議院送付）
第193回国会（常会）,日程第２　所得に対する租税に関する二重課税の除去並びに脱税及び租税回避の防止のための日本国とベルギー王国との間の条約の締結について承認を求めるの件（衆議院送付）
第193回国会（常会）,日程第３　所得に対する租税に関する二重課税の除去並びに脱税及び租税回避の防止のための日本国とラトビア共和国との間の条約の締結について承認を求めるの件（衆議院送付）
第193回国会（常会）,日程第４　所得に対する租税に関する二重課税の除去並びに脱税及び租税回避の防止のための日本国とオーストリア共和国との間の条約の締結について承認を求めるの件（衆議院送付）
第193回国会（常会）,日程第５　脱税の防止のための情報の交換及び個人の所得についての課税権の配分に関する日本国政府とバハマ国政府との間の協定を改正する議定書の締結について承認を求めるの件（衆議院送付）
第193回国会（常会）,日程第６　外国為替及び外国貿易法の一部を改正する法律案（内閣提出、衆議院送付）
第193回国会（常会）,日程第７　金融商品取引法の一部を改正する法律案（内閣提出、衆議院送付）
第193回国会（常会）,日程第８　地方公共団体情報システム機構法等の一部を改正する法律案（内閣提出、衆議院送付）
第193回国会（常会）,日程第９　精神保健及び精神障害者福祉に関する法律の一部を改正する法律案（内閣提出）「委員長報告のとおり修正議決すること」
第193回国会（常会）,日程第１　福島復興再生特別措置法の一部を改正する法律案（内閣提出、衆議院送付）
第193回国会（常会）,日程第２　平成三十一年六月一日から同月十日までの間に任期が満了することとなる地方公共団体の議会の議員及び長の任期満了による選挙により選出される議会の議員及び長の任期の特例に関する法律案（衆議院提出）
第193回国会（常会）,日程第３　水防法等の一部を改正する法律案（内閣提出、衆議院送付）
第193回国会（常会）,日程第４　農業競争力強化支援法案（内閣提出、衆議院送付）
第193回国会（常会）,日程第５　土壌汚染対策法の一部を改正する法律案（内閣提出、衆議院送付）
第193回国会（常会）,日程第１　北太平洋漁業委員会の特権及び免除に関する日本国政府と北太平洋漁業委員会との間の協定の締結について承認を求めるの件（衆議院送付）
第193回国会（常会）,日程第２　違法な漁業、報告されていない漁業及び規制されていない漁業を防止し、抑止し、及び排除するための寄港国の措置に関する協定の締結について承認を求めるの件（衆議院送付）
第193回国会（常会）,日程第３　生物の多様性に関する条約の遺伝資源の取得の機会及びその利用から生ずる利益の公正かつ衡平な配分に関する名古屋議定書の締結について承認を求めるの件（衆議院送付）
第193回国会（常会）,日程第４　バイオセーフティに関するカルタヘナ議定書の責任及び救済に関する名古屋・クアラルンプール補足議定書の締結について承認を求めるの件（衆議院送付）
第193回国会（常会）,日程第５　原子力損害賠償・廃炉等支援機構法の一部を改正する法律案（内閣提出、衆議院送付）
第193回国会（常会）,日程第１　都市緑地法等の一部を改正する法律案（内閣提出、衆議院送付）
第193回国会（常会）,日程第２　医療分野の研究開発に資するための匿名加工医療情報に関する法律案（内閣提出、衆議院送付）
第193回国会（常会）,日程第３　電波法及び電気通信事業法の一部を改正する法律案（内閣提出、衆議院送付）
第193回国会（常会）,日程第１　千九百九十四年の関税及び貿易に関する一般協定の譲許表第三十八表（日本国の譲許表）の修正及び訂正に関する確認書の締結について承認を求めるの件（衆議院送付）
第193回国会（常会）,日程第２　万国郵便連合憲章の第九追加議定書、万国郵便連合一般規則の第一追加議定書及び万国郵便条約の締結について承認を求めるの件（衆議院送付）
第193回国会（常会）,日程第３　郵便送金業務に関する約定の締結について承認を求めるの件（衆議院送付）
第193回国会（常会）,日程第１　地域の自主性及び自立性を高めるための改革の推進を図るための関係法律の整備に関する法律案（内閣提出、衆議院送付）
第193回国会（常会）,日程第２　裁判所法の一部を改正する法律案（内閣提出、衆議院送付）
第193回国会（常会）,日程第３　住宅確保要配慮者に対する賃貸住宅の供給の促進に関する法律の一部を改正する法律案（内閣提出、衆議院送付）
第193回国会（常会）,日程第１　日本国の自衛隊とアメリカ合衆国軍隊との間における後方支援、物品又は役務の相互の提供に関する日本国政府とアメリカ合衆国政府との間の協定の締結について承認を求めるの件（第１９２回国会内閣提出、第１９３回国会衆議院送付）
第193回国会（常会）,日程第２　日本国の自衛隊とオーストラリア国防軍との間における物品又は役務の相互の提供に関する日本国政府とオーストラリア政府との間の協定の締結について承認を求めるの件（衆議院送付）
第193回国会（常会）,日程第３　日本国の自衛隊とグレートブリテン及び北アイルランド連合王国の軍隊との間における物品又は役務の相互の提供に関する日本国政府とグレートブリテン及び北アイルランド連合王国政府との間の協定の締結について承認を求めるの件（衆議院送付）
第193回国会（常会）,日程第４　遺伝子組換え生物等の使用等の規制による生物の多様性の確保に関する法律の一部を改正する法律案（内閣提出、衆議院送付）
第193回国会（常会）,日程第５　国際開発協会への加盟に伴う措置に関する法律の一部を改正する法律案（内閣提出、衆議院送付）
第193回国会（常会）,日程第６　農業機械化促進法を廃止する等の法律案（内閣提出、衆議院送付）
第193回国会（常会）,日程第７　主要農作物種子法を廃止する法律案（内閣提出、衆議院送付）
第193回国会（常会）,日程第８　地方公務員法及び地方自治法の一部を改正する法律案（内閣提出）
第193回国会（常会）,日程第１　裁判所職員定員法の一部を改正する法律案（内閣提出、衆議院送付）
第193回国会（常会）,日程第２　海上運送法及び船員法の一部を改正する法律案（内閣提出、衆議院送付）
第193回国会（常会）,日程第３　化学物質の審査及び製造等の規制に関する法律の一部を改正する法律案（内閣提出）
第193回国会（常会）,日程第１　臨床研究法案（第１９０回国会内閣提出、第１９３回国会衆議院送付）
第193回国会（常会）,日程第２　原子力利用における安全対策の強化のための核原料物質、核燃料物質及び原子炉の規制に関する法律等の一部を改正する法律案（内閣提出、衆議院送付）
第193回国会（常会）,日程第１　不動産特定共同事業法の一部を改正する法律案（内閣提出）
第193回国会（常会）,日程第２　農林物資の規格化等に関する法律及び独立行政法人農林水産消費安全技術センター法の一部を改正する法律案（内閣提出）「委員長報告のとおり修正議決すること」
第193回国会（常会）,日程第１　津波対策の推進に関する法律の一部を改正する法律案（衆議院提出）
第193回国会（常会）,日程第２　過疎地域自立促進特別措置法の一部を改正する法律案（衆議院提出）
第193回国会（常会）,日程第３　放送法第七十条第二項の規定に基づき、承認を求めるの件（衆議院送付）
第193回国会（常会）,日程第４　在外公館の名称及び位置並びに在外公館に勤務する外務公務員の給与に関する法律の一部を改正する法律案（内閣提出、衆議院送付）
第193回国会（常会）,日程第５　特殊土壌地帯災害防除及び振興臨時措置法の一部を改正する法律案（衆議院提出）
第193回国会（常会）,日程第６　関税定率法等の一部を改正する法律案（内閣提出、衆議院送付）
第193回国会（常会）,日程第７　独立行政法人日本学生支援機構法の一部を改正する法律案（内閣提出、衆議院送付）
第193回国会（常会）,日程第８　独立行政法人日本スポーツ振興センター法の一部を改正する法律案（衆議院提出）
第193回国会（常会）,日程第９　雇用保険法等の一部を改正する法律案（内閣提出、衆議院送付）
第193回国会（常会）,平成二十九年度一般会計予算
第193回国会（常会）,平成二十九年度特別会計予算
第193回国会（常会）,平成二十九年度政府関係機関予算
第193回国会（常会）,日程第１　駐留軍等の再編の円滑な実施に関する特別措置法の一部を改正する法律案（内閣提出、衆議院送付）
第193回国会（常会）,日程第２　義務教育諸学校等の体制の充実及び運営の改善を図るための公立義務教育諸学校の学級編制及び教職員定数の標準に関する法律等の一部を改正する法律案（内閣提出、衆議院送付）
第193回国会（常会）,地方税法及び航空機燃料譲与税法の一部を改正する法律案（内閣提出、衆議院送付）
第193回国会（常会）,地方交付税法等の一部を改正する法律案（内閣提出、衆議院送付）
第193回国会（常会）,所得税法等の一部を改正する等の法律案（内閣提出、衆議院送付）
第193回国会（常会）,日程第１　北朝鮮による弾道ミサイル発射に抗議する決議案（山本順三君外１０名発議）
第193回国会（常会）,日程第１　国家公務員等の任命に関する件①「公正取引委員会委員（青木玲子君）、国家公安委員会委員（安藤裕子君）、預金保険機構理事（久田高正君）、同監事（町田恵美君）、情報公開・個人情報保護審査会委員（泉本小夜子君及び山本隆司君）、日本放送協会経営委員会委員（高橋正美君）、労働保険審査会委員（小賀野晶一君）、中央社会保険医療協議会公益委員（中村洋君及び長谷川ふ佐子君）、…②へ続く」
第193回国会（常会）,日程第１　国家公務員等の任命に関する件②「①からの続き…社会保険審査会委員（高野伸君及び吉山敦子君）、中央労働委員会公益委員（沖野眞已君、鹿野菜穂子君、鎌田耕一君、木本洋子君、中窪裕也君、松下淳一君、横溝久美君、森戸英幸君、両角道代君、山川隆一君、山下友信君及び山本眞弓君）及び公害健康被害補償不服審査会委員（石井彰君及び武田克彦君）」
第193回国会（常会）,日程第１　国家公務員等の任命に関する件「預金保険機構理事長（三國谷勝範君）」
第193回国会（常会）,日程第１　国家公務員等の任命に関する件「預金保険機構理事（関一穂君）及び情報公開・個人情報保護審査会委員（南野聡君）」
第193回国会（常会）,日程第１　国家公務員等の任命に関する件「社会保険審査会委員長（瀧澤泉君）、中央労働委員会公益委員（荒木尚志君、三輪和雄君及び植村京子君）及び運輸審議会委員（根本敏則君）」
第193回国会（常会）,日程第１　平成二十八年度一般会計補正予算（第３号）
第193回国会（常会）,日程第２　平成二十八年度特別会計補正予算（特第３号）
第193回国会（常会）,地方交付税法及び特別会計に関する法律の一部を改正する法律案（内閣提出、衆議院送付）
第190回国会（常会）,日程第１　真珠の振興に関する法律案（衆議院提出）
第190回国会（常会）,日程第２　平成三十二年東京オリンピック競技大会・東京パラリンピック競技大会特別措置法の一部を改正する法律案（衆議院提出）
第190回国会（常会）,日程第３　国外犯罪被害弔慰金等の支給に関する法律案（衆議院提出）
第190回国会（常会）,日程第４　特定非営利活動促進法の一部を改正する法律案（衆議院提出）
第190回国会（常会）,日程第５　民法の一部を改正する法律案（内閣提出、衆議院送付）
第190回国会（常会）,日程第６　都市再生特別措置法等の一部を改正する法律案（内閣提出、衆議院送付）
第190回国会（常会）,日程第１　平成二十八年熊本地震災害関連義援金に係る差押禁止等に関する法律案（衆議院提出）
第190回国会（常会）,日程第２　酒税法及び酒税の保全及び酒類業組合等に関する法律の一部を改正する法律案（衆議院提出）
第190回国会（常会）,日程第３　総合法律支援法の一部を改正する法律案（第１８９回国会内閣提出、第１９０回国会衆議院送付）
第190回国会（常会）,日程第４　宅地建物取引業法の一部を改正する法律案（内閣提出、衆議院送付）
第190回国会（常会）,日程第５　特定船舶の入港の禁止に関する特別措置法第五条第一項の規定に基づき、特定船舶の入港禁止の実施につき承認を求めるの件（第２号、衆議院送付）
第190回国会（常会）,日程第６　特定船舶の入港の禁止に関する特別措置法第五条第一項の規定に基づき、特定船舶の入港禁止の実施につき承認を求めるの件（第３号、衆議院送付）
第190回国会（常会）,日程第７　国家戦略特別区域法の一部を改正する法律案（内閣提出、衆議院送付）
第190回国会（常会）,日程第８　児童福祉法等の一部を改正する法律案（内閣提出、衆議院送付）
第190回国会（常会）,我が国の国連加盟六十周年にあたり更なる国際平和の構築への貢献を誓約する決議案（松山政司君外１４名発議）
第190回国会（常会）,日程第１　平成二十六年度一般会計予備費使用総調書及び各省各庁所管使用調書（その１）（第１８９回国会内閣提出、第１９０回国会衆議院送付）
第190回国会（常会）,日程第２　平成二十六年度一般会計予備費使用総調書及び各省各庁所管使用調書（その２）（第１８９回国会内閣提出、第１９０回国会衆議院送付）
第190回国会（常会）,日程第３　平成二十六年度一般会計国庫債務負担行為総調書（その１）
第190回国会（常会）,日程第４　平成二十六年度一般会計歳入歳出決算、平成二十六年度特別会計歳入歳出決算、平成二十六年度国税収納金整理資金受払計算書、平成二十六年度政府関係機関決算書「委員長報告のとおり是認すること」
第190回国会（常会）,日程第４　平成二十六年度一般会計歳入歳出決算、平成二十六年度特別会計歳入歳出決算、平成二十六年度国税収納金整理資金受払計算書、平成二十六年度政府関係機関決算書「委員長報告のとおり内閣に対し警告すること」
第190回国会（常会）,日程第５　平成二十六年度国有財産増減及び現在額総計算書
第190回国会（常会）,日程第６　平成二十六年度国有財産無償貸付状況総計算書
第190回国会（常会）,日程第７　昭和十九年度朝鮮総督府特別会計等歳入歳出決算及び昭和二十年度朝鮮総督府特別会計等歳入歳出決算
第190回国会（常会）,日程第８　所得に対する租税及びある種の他の租税に関する二重課税の除去並びに脱税及び租税回避の防止のための日本国とドイツ連邦共和国との間の協定の締結について承認を求めるの件（衆議院送付）
第190回国会（常会）,日程第９　所得に対する租税に関する二重課税の除去並びに脱税及び租税回避の防止のための日本国とチリ共和国との間の条約の締結について承認を求めるの件（衆議院送付）
第190回国会（常会）,日程第１０　所得に対する租税に関する二重課税の回避及び脱税の防止のための日本国政府とインド共和国政府との間の条約を改正する議定書の締結について承認を求めるの件（衆議院送付）
第190回国会（常会）,日程第１１　特定商取引に関する法律の一部を改正する法律案（内閣提出、衆議院送付）
第190回国会（常会）,日程第１２　消費者契約法の一部を改正する法律案（内閣提出、衆議院送付）
第190回国会（常会）,日程第１３　裁判所職員定員法の一部を改正する法律案（内閣提出、衆議院送付）
第190回国会（常会）,日程第１４　情報通信技術の進展等の環境変化に対応するための銀行法等の一部を改正する法律案（内閣提出、衆議院送付）
第190回国会（常会）,日程第１５　電気事業者による再生可能エネルギー電気の調達に関する特別措置法等の一部を改正する法律案（内閣提出、衆議院送付）
第190回国会（常会）,日程第１６　障害者の日常生活及び社会生活を総合的に支援するための法律及び児童福祉法の一部を改正する法律案（内閣提出、衆議院送付）
第190回国会（常会）,日程第１７　発達障害者支援法の一部を改正する法律案（衆議院提出）
第190回国会（常会）,日程第１　衆議院議員選挙区画定審議会設置法及び公職選挙法の一部を改正する法律案（衆議院提出）
第190回国会（常会）,日程第２　地球温暖化対策の推進に関する法律の一部を改正する法律案（内閣提出、衆議院送付）
第190回国会（常会）,日程第３　行政機関等の保有する個人情報の適正かつ効果的な活用による新たな産業の創出並びに活力ある経済社会及び豊かな国民生活の実現に資するための関係法律の整備に関する法律案（内閣提出、衆議院送付）
第190回国会（常会）,日程第４　刑事訴訟法等の一部を改正する法律案（第１８９回国会内閣提出衆議院送付）
第190回国会（常会）,日程第１　平成二十八年度一般会計補正予算（第１号）
第190回国会（常会）,日程第２　平成二十八年度特別会計補正予算（特第１号）
第190回国会（常会）,国家公務員等の任命に関する件「国家公務員倫理審査会委員（相原佳世君）」
第190回国会（常会）,国家公務員等の任命に関する件「原子力委員会委員（中西友子君）」
第190回国会（常会）,国家公務員等の任命に関する件「公害等調整委員会委員（松田隆利君）」
第190回国会（常会）,国家公務員等の任命に関する件「公害等調整委員会委員（高橋滋君）」
第190回国会（常会）,国家公務員等の任命に関する件「日本放送協会経営委員会委員（小林いずみ君、堰八義博君、宮原秀夫君及び渡邊博美君）」
第190回国会（常会）,国家公務員等の任命に関する件「日本放送協会経営委員会委員（上田良一君）及び労働保険審査会委員（木村亨君）」
第190回国会（常会）,国家公務員等の任命に関する件「日本銀行政策委員会審議委員（西田貴子君）」
第190回国会（常会）,国家公務員等の任命に関する件「労働保険審査会委員（品田充儀君）」
第190回国会（常会）,国家公務員等の任命に関する件「社会保険審査会委員（瀧澤泉君）」
第190回国会（常会）,日程第１　刑を言い渡された者の移送に関する日本国とイラン・イスラム共和国との間の条約の締結について承認を求めるの件（第１８９回国会内閣提出、第１９０回国会衆議院送付）
第190回国会（常会）,日程第２　地域の自主性及び自立性を高めるための改革の推進を図るための関係法律の整備に関する法律案（内閣提出、衆議院送付）
第190回国会（常会）,日程第３　港湾法の一部を改正する法律案（内閣提出、衆議院送付）
第190回国会（常会）,日程第４　人種等を理由とする差別の撤廃のための施策の推進に関する法律案（第１８９回国会小川敏夫君外６名発議）
第190回国会（常会）,日程第５　本邦外出身者に対する不当な差別的言動の解消に向けた取組の推進に関する法律案（愛知治郎君外２名発議）「委員長報告のとおり修正議決すること」
第190回国会（常会）,日程第６　特定Ｂ型肝炎ウイルス感染者給付金等の支給に関する特別措置法の一部を改正する法律案（内閣提出、衆議院送付）
第190回国会（常会）,日程第７　森林法等の一部を改正する法律案（内閣提出、衆議院送付）
第190回国会（常会）,日程第８　合法伐採木材等の流通及び利用の促進に関する法律案（衆議院提出）
第190回国会（常会）,日程第１　投資の相互促進及び相互保護に関する日本国とオマーン国との間の協定の締結について承認を求めるの件（衆議院送付）
第190回国会（常会）,日程第２　投資の相互促進及び相互保護に関する日本国とイラン・イスラム共和国との間の協定の締結について承認を求めるの件（衆議院送付）
第190回国会（常会）,日程第３　株式会社国際協力銀行法の一部を改正する法律案（内閣提出、衆議院送付）
第190回国会（常会）,日程第４　特定国立研究開発法人による研究開発等の促進に関する特別措置法案（内閣提出、衆議院送付）
第190回国会（常会）,日程第５　原子力発電における使用済燃料の再処理等のための積立金の積立て及び管理に関する法律の一部を改正する法律案（内閣提出、衆議院送付）
第190回国会（常会）,日程第１　独立行政法人日本スポーツ振興センター法及びスポーツ振興投票の実施等に関する法律の一部を改正する法律案（内閣提出、衆議院送付）
第190回国会（常会）,日程第２　流通業務の総合化及び効率化の促進に関する法律の一部を改正する法律案（内閣提出、衆議院送付）
第190回国会（常会）,日程第３　児童扶養手当法の一部を改正する法律案（内閣提出、衆議院送付）
第190回国会（常会）,日程第１　社会保障に関する日本国とフィリピン共和国との間の協定の締結について承認を求めるの件（衆議院送付）
第190回国会（常会）,日程第２　ポリ塩化ビフェニル廃棄物の適正な処理の推進に関する特別措置法の一部を改正する法律案（内閣提出、衆議院送付）
第190回国会（常会）,日程第１　有人国境離島地域の保全及び特定有人国境離島地域に係る地域社会の維持に関する特別措置法案（衆議院提出）
第190回国会（常会）,日程第２　国立大学法人法の一部を改正する法律案（内閣提出）
第190回国会（常会）,日程第３　国立研究開発法人情報通信研究機構法及び特定通信・放送開発事業実施円滑化法の一部を改正する等の法律案（内閣提出、衆議院送付）
第190回国会（常会）,日程第１　航空業務に関する日本国とカンボジア王国との間の協定の締結について承認を求めるの件（第１８９回国会内閣提出、第１９０回国会衆議院送付）
第190回国会（常会）,日程第２　航空業務に関する日本国とラオス人民民主共和国との間の協定の締結について承認を求めるの件（第１８９回国会内閣提出、第１９０回国会衆議院送付）
第190回国会（常会）,日程第３　サイバーセキュリティ基本法及び情報処理の促進に関する法律の一部を改正する法律案（内閣提出、衆議院送付）
第190回国会（常会）,日程第４　中小企業の新たな事業活動の促進に関する法律の一部を改正する法律案（内閣提出）
第190回国会（常会）,日程第５　確定拠出年金法等の一部を改正する法律案（第１８９回国会内閣提出衆議院送付）「委員長報告のとおり修正議決すること」
第190回国会（常会）,日程第１　地域再生法の一部を改正する法律案（内閣提出、衆議院送付）「委員長報告のとおり修正議決すること」
第190回国会（常会）,日程第２　海上交通安全法等の一部を改正する法律案（内閣提出）
第190回国会（常会）,日程第１　国会議員の選挙等の執行経費の基準に関する法律及び公職選挙法の一部を改正する法律案（内閣提出、衆議院送付）
第190回国会（常会）,日程第２　公職選挙法の一部を改正する法律案（衆議院提出）
第190回国会（常会）,日程第３　成年後見制度の利用の促進に関する法律案（衆議院提出）「委員長報告のとおり修正議決すること」
第190回国会（常会）,日程第４　成年後見の事務の円滑化を図るための民法及び家事事件手続法の一部を改正する法律案（衆議院提出）
第190回国会（常会）,日程第５　戦傷病者等の妻に対する特別給付金支給法及び戦没者等の妻に対する特別給付金支給法の一部を改正する法律案（内閣提出、衆議院送付）「委員長報告のとおり修正議決すること」
第190回国会（常会）,日程第６　独立行政法人環境再生保全機構法の一部を改正する法律案（内閣提出、衆議院送付）
第190回国会（常会）,日程第７　漁業経営に関する補償制度の改善のための漁船損害等補償法及び漁業災害補償法の一部を改正する等の法律案（内閣提出）
第190回国会（常会）,日程第１　地震防災対策特別措置法の一部を改正する法律案（衆議院提出）
第190回国会（常会）,国立研究開発法人新エネルギー・産業技術総合開発機構法の一部を改正する法律案（内閣提出、衆議院送付）
第190回国会（常会）,子ども・子育て支援法の一部を改正する法律案（内閣提出、衆議院送付）
第190回国会（常会）,踏切道改良促進法等の一部を改正する法律案（内閣提出、衆議院送付）
第190回国会（常会）,日本国とアメリカ合衆国との間の相互協力及び安全保障条約第六条に基づく施設及び区域並びに日本国における合衆国軍隊の地位に関する協定第二十四条についての新たな特別の措置に関する日本国とアメリカ合衆国との間の協定の締結について承認を求めるの件（衆議院送付）
第190回国会（常会）,平成二十八年度における公債の発行の特例に関する法律案（大久保勉君外７名発議）
第190回国会（常会）,東日本大震災からの復興のための施策を実施するために必要な財源の確保に関する特別措置法及び財政運営に必要な財源の確保を図るための公債の発行の特例に関する法律の一部を改正する法律案（内閣提出、衆議院送付）
第190回国会（常会）,放送法第七十条第二項の規定に基づき、承認を求めるの件（衆議院送付）
第190回国会（常会）,日程第１　平成二十八年度一般会計予算
第190回国会（常会）,日程第２　平成二十八年度特別会計予算
第190回国会（常会）,日程第３　平成二十八年度政府関係機関予算
第190回国会（常会）,所得税法等の一部を改正する法律案（内閣提出、衆議院送付）
第190回国会（常会）,関税定率法等の一部を改正する法律案（内閣提出、衆議院送付）
第190回国会（常会）,地方税法等の一部を改正する等の法律案（内閣提出、衆議院送付）
第190回国会（常会）,地方交付税法等の一部を改正する法律案（内閣提出、衆議院送付）
第190回国会（常会）,雇用保険法等の一部を改正する法律案（内閣提出、衆議院送付）
第190回国会（常会）,国家公務員等の任命に関する件「人事官（吉田耕三君）」
第190回国会（常会）,国家公務員等の任命に関する件①「会計検査院情報公開・個人情報保護審査会委員（吉田広司君、石津寿惠君及び中西敬子君）、情報公開・個人情報保護審査会委員（岡田雄一君、白井玲子君、岡島敦子君、池田綾子君、秋定裕子君、下井康史君及び中川丈久君）、公益認定等委員会委員（山下徹君、小森幹夫君、小林敬子君、双木小百合君、西村万里子君、北地達明君及び堀裕君）、…②へ続く」
第190回国会（常会）,国家公務員等の任命に関する件②「①からの続き…公認会計士・監査審査会会長（廣本敏郎君）、同委員（松井隆幸君、木村明子君、徳賀芳弘君、佐藤淑子君、淵田康之君及び水口啓子君）、行政不服審査会委員（市村陽典君、戸谷博子君、伊藤浩君、大橋洋一君、中山ひとみ君、成瀬純子君及び山田博君）及び中央更生保護審査会委員（松浪克文君）」
第190回国会（常会）,国家公務員等の任命に関する件「情報公開・個人情報保護審査会委員（池田陽子君及び渡井理佳子君）、公認会計士・監査審査会委員（吉田慶太君、山田辰己君及び八木和則君）及び行政不服審査会委員（小早川光郎君）」
第190回国会（常会）,国家公務員等の任命に関する件「行政不服審査会委員（戸塚誠君）」
第190回国会（常会）,国家公務員等の任命に関する件「日本銀行政策委員会審議委員（櫻井眞君）」
第190回国会（常会）,日程第１　社会福祉法等の一部を改正する法律案（第１８９回国会内閣提出衆議院送付）「委員長報告のとおり修正議決すること」
第190回国会（常会）,日程第２　在外公館の名称及び位置並びに在外公館に勤務する外務公務員の給与に関する法律の一部を改正する法律案（内閣提出、衆議院送付）
第190回国会（常会）,日程第１　国会議事堂、内閣総理大臣官邸その他の国の重要な施設等、外国公館等及び原子力事業所の周辺地域の上空における小型無人機等の飛行の禁止に関する法律案（第１８９回国会衆議院提出）「委員長報告のとおり修正議決すること」
第190回国会（常会）,日程第１　自殺対策基本法の一部を改正する法律案（厚生労働委員長提出）
第190回国会（常会）,日程第２　戦没者の遺骨収集の推進に関する法律案（第１８９回国会衆議院提出）「委員長報告のとおり修正議決すること」
第190回国会（常会）,日程第１　北朝鮮による弾道ミサイル発射に抗議する決議案（松山政司君外１４名発議）
第190回国会（常会）,日程第２　公職選挙法の一部を改正する法律案（衆議院提出）
第190回国会（常会）,国家公務員等の任命に関する件「検査官（柳麻理君）」
第190回国会（常会）,国家公務員等の任命に関する件「国家公務員倫理審査会会長（池田修君）」
第190回国会（常会）,国家公務員等の任命に関する件「国家公務員倫理審査会委員（潜道文子君）」
第190回国会（常会）,国家公務員等の任命に関する件「国家公務員倫理審査会委員（前田新造君）」
第190回国会（常会）,国家公務員等の任命に関する件「総合科学技術・イノベーション会議議員（小谷元子君）、公正取引委員会委員（三村晶子君）、国家公安委員会委員（木村惠司君）、個人情報保護委員会委員（丹野美絵子君）、地方財政審議会委員（鎌田司君及び宗田友子君）、電波監理審議会委員（石黒美幸君及び林秀弥君）、労働保険審査会委員（鰺坂隆一君及び都築民枝君）、中央社会保険医療協議会公益委員（田辺国昭君及び松原由美君）、社会保険審査会委員（大谷すみれ君）、運輸安全委員会委員長（中橋和博君）、同委員（石川敏行君、宮下徹君、中西美和君及び田中敬司君）及び公害健康被害補償不服審査会委員（鎌倉惠子君及び中山節子君）」
第190回国会（常会）,国家公務員等の任命に関する件「総合科学技術・イノベーション会議議員（十倉雅和君）及び運輸審議会委員（原田尚志君）」
第190回国会（常会）,国家公務員等の任命に関する件「総合科学技術・イノベーション会議議員（上山隆大君）、地方財政審議会委員（堀場勇夫君、植木利幸君及び中村玲子君）及び公安審査委員会委員（佐藤雅徳君）」
第190回国会（常会）,国家公務員等の任命に関する件「個人情報保護委員会委員（熊澤春陽君、宮井真千子君及び大滝精一君）」
第190回国会（常会）,日程第１　平成二十七年度一般会計補正予算（第１号）
第190回国会（常会）,日程第２　平成二十七年度特別会計補正予算（特第１号）
第190回国会（常会）,日程第３　一般職の職員の給与に関する法律等の一部を改正する法律案（内閣提出、衆議院送付）
第190回国会（常会）,日程第４　特別職の職員の給与に関する法律の一部を改正する法律案（内閣提出、衆議院送付）
第190回国会（常会）,日程第５　裁判官の報酬等に関する法律の一部を改正する法律案（内閣提出、衆議院送付）
第190回国会（常会）,日程第６　検察官の俸給等に関する法律の一部を改正する法律案（内閣提出、衆議院送付）
第190回国会（常会）,日程第７　防衛省の職員の給与等に関する法律の一部を改正する法律案（内閣提出、衆議院送付）
第190回国会（常会）,日程第８　地方交付税法の一部を改正する法律案（内閣提出、衆議院送付）
第190回国会（常会）,国会議員の秘書の給与等に関する法律の一部を改正する法律案（衆議院提出）
第190回国会（常会）,日程第１　北朝鮮による四度目の核実験に対する抗議決議案（松山政司君外１４名発議）
第189回国会（常会）,両案に対する討論その他の発言時間は一人十五分に制限することの動議（野上浩太郎君外１名提出）
第189回国会（常会）,日程第１　我が国及び国際社会の平和及び安全の確保に資するための自衛隊法等の一部を改正する法律案（内閣提出、衆議院送付）
第189回国会（常会）,日程第２　国際平和共同対処事態に際して我が国が実施する諸外国の軍隊等に対する協力支援活動等に関する法律案（内閣提出、衆議院送付）
第189回国会（常会）,本決議案の議事における趣旨説明、討論その他の発言時間は一人十分に制限することの動議（野上浩太郎君外１名提出）・・「国務大臣中谷元君問責決議案（大野元裕君外１名発議）」
第189回国会（常会）,国務大臣中谷元君問責決議案（大野元裕君外１名発議）
第189回国会（常会）,本決議案の議事における趣旨説明、討論その他の発言時間は一人十分に制限することの動議（野上浩太郎君外１名提出）・・「議長不信任決議案（足立信也君外１名発議）」
第189回国会（常会）,議長不信任決議案（足立信也君外１名発議）
第189回国会（常会）,本決議案の議事における趣旨説明、討論その他の発言時間は一人十分に制限することの動議（野上浩太郎君外１名提出）・・「内閣総理大臣安倍晋三君問責決議案（郡司彰君外１名発議）」
第189回国会（常会）,内閣総理大臣安倍晋三君問責決議案（郡司彰君外１名発議）
第189回国会（常会）,本決議案の議事における発言時間は趣旨説明については二十五分、討論その他については一人十五分に制限することの動議（野上浩太郎君外１名提出）・・「我が国及び国際社会の平和安全法制に関する特別委員長鴻池祥肇君問責決議案（小西洋之君外１名発議）」
第189回国会（常会）,我が国及び国際社会の平和安全法制に関する特別委員長鴻池祥肇君問責決議案（小西洋之君外１名発議）
第189回国会（常会）,議院運営委員長中川雅治君解任決議案（前川清成君外１名発議）
第189回国会（常会）,日程第１　琵琶湖の保全及び再生に関する法律案（衆議院提出）
第189回国会（常会）,日程第２　医療法の一部を改正する法律案（内閣提出、衆議院送付）
第189回国会（常会）,日程第１　投資の促進及び保護に関する日本国とカザフスタン共和国との間の協定の締結について承認を求めるの件（衆議院送付）
第189回国会（常会）,日程第２　投資の促進及び保護に関する日本国とウクライナとの間の協定の締結について承認を求めるの件（衆議院送付）
第189回国会（常会）,日程第４　所得に対する租税に関する二重課税の回避及び脱税の防止のための日本国政府とカタール国政府との間の協定の締結について承認を求めるの件（衆議院送付）
第189回国会（常会）,日程第３　投資の自由化、促進及び保護に関する日本国とウルグアイ東方共和国との間の協定の締結について承認を求めるの件（衆議院送付）
第189回国会（常会）,日程第５　社会保障に関する日本国とルクセンブルク大公国との間の協定の締結について承認を求めるの件（衆議院送付）
第189回国会（常会）,日程第６　民間資金等の活用による公共施設等の整備等の促進に関する法律の一部を改正する法律案（内閣提出、衆議院送付）
第189回国会（常会）,日程第７　独立行政法人に係る改革を推進するための農林水産省関係法律の整備に関する法律案（内閣提出、衆議院送付）
第189回国会（常会）,日程第１　公認心理師法案（衆議院提出）
第189回国会（常会）,日程第２　労働者派遣事業の適正な運営の確保及び派遣労働者の保護等に関する法律等の一部を改正する法律案（内閣提出、衆議院送付）「委員長報告のとおり修正議決すること」
第189回国会（常会）,日程第３　労働者の職務に応じた待遇の確保等のための施策の推進に関する法律案（衆議院提出）
第189回国会（常会）,日程第１　航空法の一部を改正する法律案（内閣提出、衆議院送付）
第189回国会（常会）,日程第２　内閣の重要政策に関する総合調整等に関する機能の強化のための国家行政組織法等の一部を改正する法律案（内閣提出、衆議院送付）
第189回国会（常会）,日程第１　女性の職業生活における活躍の推進に関する法律案（内閣提出、衆議院送付）
第189回国会（常会）,日程第２　個人情報の保護に関する法律及び行政手続における特定の個人を識別するための番号の利用等に関する法律の一部を改正する法律案（内閣提出、衆議院送付）「委員長報告のとおり修正議決すること」
第189回国会（常会）,日程第３　瀬戸内海環境保全特別措置法の一部を改正する法律案（末松信介君外１１名発議）
第189回国会（常会）,日程第４　外国為替及び外国貿易法第十条第二項の規定に基づき、北朝鮮を仕向地とする貨物の輸出及び北朝鮮を原産地又は船積地域とする貨物の輸入につき承認義務を課する等の措置を講じたことについて承認を求めるの件（衆議院送付）
第189回国会（常会）,日程第５　農業協同組合法等の一部を改正する等の法律案（内閣提出、衆議院送付）
第189回国会（常会）,日程第１　中小企業における経営の承継の円滑化に関する法律等の一部を改正する法律案（内閣提出、衆議院送付）
第189回国会（常会）,日程第１　公職選挙法の一部を改正する法律案（溝手顕正君外９名発議）
第189回国会（常会）,日程第１　廃棄物の処理及び清掃に関する法律及び災害対策基本法の一部を改正する法律案（内閣提出、衆議院送付）
第189回国会（常会）,日程第２　貿易保険法及び特別会計に関する法律の一部を改正する法律案（内閣提出、衆議院送付）
第189回国会（常会）,政策評価制度に関する決議案（松村祥史君外１６名発議）
第189回国会（常会）,日程第１　国家戦略特別区域法及び構造改革特別区域法の一部を改正する法律案（内閣提出、衆議院送付）
第189回国会（常会）,日程第１　特許法等の一部を改正する法律案（内閣提出、衆議院送付）
第189回国会（常会）,日程第２　不正競争防止法の一部を改正する法律案（内閣提出、衆議院送付）
第189回国会（常会）,日程第３　特定船舶の入港の禁止に関する特別措置法第五条第一項の規定に基づき、特定船舶の入港禁止の実施につき承認を求めるの件（衆議院送付）
第189回国会（常会）,日程第１　平成二十五年度一般会計予備費使用総調書及び各省各庁所管使用調書（衆議院送付）
第189回国会（常会）,日程第３　平成二十五年度特別会計予算総則第二十条第一項の規定による経費増額総調書及び各省各庁所管経費増額調書（衆議院送付）
第189回国会（常会）,日程第２　平成二十五年度特別会計予備費使用総調書及び各省各庁所管使用調書（衆議院送付）
第189回国会（常会）,日程第４　平成二十五年度一般会計歳入歳出決算、平成二十五年度特別会計歳入歳出決算、平成二十五年度国税収納金整理資金受払計算書、平成二十五年度政府関係機関決算書「委員長報告のとおり是認すること」
第189回国会（常会）,日程第４　平成二十五年度一般会計歳入歳出決算、平成二十五年度特別会計歳入歳出決算、平成二十五年度国税収納金整理資金受払計算書、平成二十五年度政府関係機関決算書「委員長報告のとおり内閣に対し警告すること」
第189回国会（常会）,日程第５　平成二十五年度国有財産増減及び現在額総計算書
第189回国会（常会）,日程第６　平成二十五年度国有財産無償貸付状況総計算書
第189回国会（常会）,日程第７　活動火山対策特別措置法の一部を改正する法律案（内閣提出、衆議院送付）
第189回国会（常会）,日程第８　国立研究開発法人放射線医学総合研究所法の一部を改正する法律案（内閣提出、衆議院送付）
第189回国会（常会）,日程第９　建築物のエネルギー消費性能の向上に関する法律案（内閣提出、衆議院送付）
第189回国会（常会）,日程第１　地域の自主性及び自立性を高めるための改革の推進を図るための関係法律の整備に関する法律案（内閣提出、衆議院送付）
第189回国会（常会）,日程第２　地域再生法の一部を改正する法律案（内閣提出、衆議院送付）
第189回国会（常会）,日程第１　特許法条約の締結について承認を求めるの件（衆議院送付）
第189回国会（常会）,日程第２　商標法に関するシンガポール条約の締結について承認を求めるの件（衆議院送付）
第189回国会（常会）,日程第３　公職選挙法等の一部を改正する法律案（衆議院提出）
第189回国会（常会）,日程第４　道路運送車両法及び自動車検査独立行政法人法の一部を改正する法律案（内閣提出、衆議院送付）
第189回国会（常会）,日程第５　学校教育法等の一部を改正する法律案（内閣提出、衆議院送付）
第189回国会（常会）,日程第６　風俗営業等の規制及び業務の適正化等に関する法律の一部を改正する法律案（内閣提出、衆議院送付）
第189回国会（常会）,日程第７　電気事業法等の一部を改正する等の法律案（内閣提出、衆議院送付）
第189回国会（常会）,日程第１　水銀による環境の汚染の防止に関する法律案（内閣提出、衆議院送付）
第189回国会（常会）,日程第２　大気汚染防止法の一部を改正する法律案（内閣提出、衆議院送付）
第189回国会（常会）,日程第１　防衛省設置法等の一部を改正する法律案（内閣提出、衆議院送付）
第189回国会（常会）,日程第１　裁判員の参加する刑事裁判に関する法律の一部を改正する法律案（内閣提出、衆議院送付）
第189回国会（常会）,日程第２　郵便法及び民間事業者による信書の送達に関する法律の一部を改正する法律案（内閣提出、衆議院送付）
第189回国会（常会）,日程第１　旅客鉄道株式会社及び日本貨物鉄道株式会社に関する法律の一部を改正する法律案（内閣提出、衆議院送付）
第189回国会（常会）,日程第１　株式会社海外通信・放送・郵便事業支援機構法案（内閣提出、衆議院送付）
第189回国会（常会）,日程第１　金融商品取引法の一部を改正する法律案（内閣提出、衆議院送付）
第189回国会（常会）,日程第２　平成三十二年東京オリンピック競技大会・東京パラリンピック競技大会特別措置法案（内閣提出、衆議院送付）
第189回国会（常会）,日程第３　平成三十一年ラグビーワールドカップ大会特別措置法案（内閣提出、衆議院送付）
第189回国会（常会）,日程第４　持続可能な医療保険制度を構築するための国民健康保険法等の一部を改正する法律案（内閣提出、衆議院送付）
第189回国会（常会）,国家公務員等の任命に関する件「食品安全委員会委員（佐藤洋君、石井克枝君、堀口逸子君及び村田容常君）、公害等調整委員会委員（山崎勉君及び野中智子君）及び労働保険審査会委員（渡邉英寿君）」
第189回国会（常会）,国家公務員等の任命に関する件「食品安全委員会委員（吉田緑君）及び預金保険機構理事（井上美昭君）」
第189回国会（常会）,国家公務員等の任命に関する件「食品安全委員会委員（山添康君）、日本銀行政策委員会審議委員（布野幸利君）、運輸審議会委員（松田英三君）及び原子力規制委員会委員（更田豊志君）」
第189回国会（常会）,国家公務員等の任命に関する件「国家公安委員会委員（北島信一君）」
第189回国会（常会）,国家公務員等の任命に関する件「預金保険機構理事（小幡浩之君）及び中央社会保険医療協議会公益委員（荒井耕君及び野口晴子君）」
第189回国会（常会）,国家公務員等の任命に関する件「原子力規制委員会委員（伴信彦君）」
第189回国会（常会）,日程第１　水銀に関する水俣条約の締結について承認を求めるの件（衆議院送付）
第189回国会（常会）,日程第２　農林水産省設置法の一部を改正する法律案（内閣提出、衆議院送付）
第189回国会（常会）,日程第１　株式会社商工組合中央金庫法及び中小企業信用保険法の一部を改正する法律案（内閣提出、衆議院送付）
第189回国会（常会）,日程第２　地域公共交通の活性化及び再生に関する法律及び独立行政法人鉄道建設・運輸施設整備支援機構法の一部を改正する法律案（内閣提出、衆議院送付）
第189回国会（常会）,日程第１　経済上の連携に関する日本国とモンゴル国との間の協定の締結について承認を求めるの件（衆議院送付）
第189回国会（常会）,日程第２　世界貿易機関を設立するマラケシュ協定を改正する議定書の締結について承認を求めるの件（衆議院送付）
第189回国会（常会）,日程第３　東南アジア諸国連合プラス三箇国マクロ経済調査事務局を設立する協定の締結について承認を求めるの件（衆議院送付）
第189回国会（常会）,日程第４　二千七年の国際コーヒー協定の締結について承認を求めるの件（衆議院送付）
第189回国会（常会）,日程第５　裁判所職員定員法の一部を改正する法律案（内閣提出、衆議院送付）
第189回国会（常会）,日程第６　電気通信事業法等の一部を改正する法律案（内閣提出、衆議院送付）
第189回国会（常会）,日程第１　緑の気候基金への拠出及びこれに伴う措置に関する法律案（内閣提出、衆議院送付）
第189回国会（常会）,日程第２　株式会社日本政策投資銀行法の一部を改正する法律案（内閣提出、衆議院送付）
第189回国会（常会）,日程第３　文部科学省設置法の一部を改正する法律案（内閣提出、衆議院送付）
第189回国会（常会）,日程第４　水防法等の一部を改正する法律案（内閣提出、衆議院送付）
第189回国会（常会）,日程第１　福島復興再生特別措置法の一部を改正する法律案（内閣提出、衆議院送付）
第189回国会（常会）,日程第２　船舶の所有者等の責任の制限に関する法律の一部を改正する法律案（内閣提出、衆議院送付）
第189回国会（常会）,日程第３　官公需についての中小企業者の受注の確保に関する法律等の一部を改正する法律案（内閣提出）
第189回国会（常会）,日程第４　独立行政法人に係る改革を推進するための厚生労働省関係法律の整備等に関する法律案（内閣提出、衆議院送付）
第189回国会（常会）,日程第１　独立行政法人大学評価・学位授与機構法の一部を改正する法律案（内閣提出）
第189回国会（常会）,日程第２　特定防衛調達に係る国庫債務負担行為により支出すべき年限に関する特別措置法案（内閣提出、衆議院送付）
第189回国会（常会）,日程第１　高度テレビジョン放送施設整備促進臨時措置法を廃止する法律案（内閣提出、衆議院送付）「委員長報告のとおり修正議決すること」
第189回国会（常会）,日程第２　競馬法の一部を改正する法律案（内閣提出）
第189回国会（常会）,日程第３　矯正医官の兼業及び勤務時間の特例等に関する法律案（内閣提出）
第189回国会（常会）,日程第４　独立行政法人に係る改革を推進するための国土交通省関係法律の整備に関する法律案（内閣提出）
第189回国会（常会）,日程第５　道路交通法の一部を改正する法律案（内閣提出）
第189回国会（常会）,日程第６　勤労青少年福祉法等の一部を改正する法律案（内閣提出）
第189回国会（常会）,参議院事務局職員定員規程の一部改正に関する件
第189回国会（常会）,平成二十七年度一般会計予算
第189回国会（常会）,平成二十七年度特別会計予算
第189回国会（常会）,平成二十七年度政府関係機関予算
第189回国会（常会）,日程第１　都市農業振興基本法案（農林水産委員長提出）
第189回国会（常会）,日程第２　在外公館の名称及び位置並びに在外公館に勤務する外務公務員の給与に関する法律の一部を改正する法律案（内閣提出、衆議院送付）「委員長報告のとおり修正議決すること」
第189回国会（常会）,日程第１　半島振興法の一部を改正する法律案（衆議院提出）
第189回国会（常会）,地方税法等の一部を改正する法律案（内閣提出、衆議院送付）
第189回国会（常会）,地方交付税法等の一部を改正する法律案（内閣提出、衆議院送付）
第189回国会（常会）,放送法第七十条第二項の規定に基づき、承認を求めるの件（衆議院送付）
第189回国会（常会）,山村振興法の一部を改正する法律案（衆議院提出）
第189回国会（常会）,東日本大震災の被災者に対する援助のための日本司法支援センターの業務の特例に関する法律の一部を改正する法律案（衆議院提出）
第189回国会（常会）,外国為替及び外国貿易法第十条第二項の規定に基づき、北朝鮮を仕向地とする貨物の輸出及び北朝鮮を原産地又は船積地域とする貨物の輸入につき承認義務を課する等の措置を講じたことについて承認を求めるの件（衆議院送付）
第189回国会（常会）,戦没者等の遺族に対する特別弔慰金支給法の一部を改正する法律案（内閣提出、衆議院送付）
第189回国会（常会）,所得税法等の一部を改正する法律案（内閣提出、衆議院送付）
第189回国会（常会）,関税法及び関税暫定措置法の一部を改正する法律案（内閣提出、衆議院送付）
第189回国会（常会）,独立行政法人日本スポーツ振興センター法の一部を改正する法律案（衆議院提出）
第189回国会（常会）,地震防災対策強化地域における地震対策緊急整備事業に係る国の財政上の特別措置に関する法律の一部を改正する法律案（衆議院提出）
第189回国会（常会）,平成二十七年度一般会計暫定予算
第189回国会（常会）,平成二十七年度特別会計暫定予算
第189回国会（常会）,平成二十七年度政府関係機関暫定予算
第189回国会（常会）,日程第１　沖縄県における駐留軍用地跡地の有効かつ適切な利用の推進に関する特別措置法の一部を改正する法律案（内閣提出、衆議院送付）
第189回国会（常会）,日程第１　国家公務員等の任命に関する件「総合科学技術・イノベーション会議議員（久間和生君及び内山田竹志君）及び日本放送協会経営委員会委員（森下俊三君）」
第189回国会（常会）,日程第１　国家公務員等の任命に関する件「総合科学技術・イノベーション会議議員（原山優子君及び橋本和仁君）、国地方係争処理委員会委員（牧原出君）及び中央労働委員会公益委員（三輪和雄君及び植村京子君）」
第189回国会（常会）,日程第１　国家公務員等の任命に関する件「再就職等監視委員会委員長（大橋寛明君）」
第189回国会（常会）,日程第１　国家公務員等の任命に関する件①「再就職等監視委員会委員（伊東研祐君、篠原文也君、尾花眞理子君及び笠京子君）、預金保険機構理事（久田高正君）、同監事（町田恵美君）、国地方係争処理委員会委員（小早川光郎君、高橋寿一君、牛尾陽子君及び渡井理佳子君）、電波監理審議会委員（吉田進君及び松崎陽子君）、中央更生保護審査会委員（岳野尚代君）、労働保険審査会委員（井上繁規君及び東郷眞子君）、中央社会保険医療協議会公益委員（印南一路君及び西村万里子君）、社会保険審査会委員（吉山敦子君及び森俊介君）…②へ続く」
第189回国会（常会）,日程第１　国家公務員等の任命に関する件②「①からの続き…中央労働委員会公益委員（諏訪康雄君、森戸英幸君、鹿野菜穂子君、鎌田耕一君、木本洋子君、両角道代君、中窪裕也君、仁田道夫君、沖野眞已君、藤重由美子君、山川隆一君、山下友信君及び山本眞弓君）、調達価格等算定委員会委員（植田和弘君、辰巳菊子君及び高村ゆかり君）、運輸審議会委員（山田攝子君）及び公害健康被害補償不服審査会委員（佐脇浩君、佐々木隆一郎君及び石井彰君）」
第189回国会（常会）,日程第１　国家公務員等の任命に関する件「預金保険機構理事長（三國谷勝範君）、社会保険審査会委員（後藤昭夫君）及び調達価格等算定委員会委員（山内弘隆君及び山地憲治君）」
第189回国会（常会）,日程第１　国家公務員等の任命に関する件「預金保険機構理事（高口秀章君）」
第189回国会（常会）,日程第１　国家公務員等の任命に関する件「日本放送協会経営委員会委員（井伊雅子君及び佐藤友美子君 ）」
第189回国会（常会）,日程第１　国家公務員等の任命に関する件「日本放送協会経営委員会委員（本田勝彦君）及び日本銀行政策委員会審議委員（原田泰君）」
第189回国会（常会）,日程第１　国家公務員等の任命に関する件「中央更生保護審査会委員（増田暢也君）」
第189回国会（常会）,日程第１　シリアにおける邦人へのテロ行為に対する非難決議案（中川雅治君外１４名発議）
第189回国会（常会）,日程第１　平成二十六年度一般会計補正予算（第１号）
第189回国会（常会）,日程第２　平成二十六年度特別会計補正予算（特第１号）
第189回国会（常会）,日程第３　平成二十六年度政府関係機関補正予算（機第１号）
第189回国会（常会）,地方交付税法の一部を改正する法律案（内閣提出、衆議院送付）
第186回国会（常会）,環境大臣石原伸晃君問責決議案（榛葉賀津也君外７名発議）
第186回国会（常会）,日程第１　建築士法の一部を改正する法律案（衆議院提出）
第186回国会（常会）,日程第２　会社法の一部を改正する法律案（第１８５回国会内閣提出、第１８６回国会衆議院送付）
第186回国会（常会）,日程第３　会社法の一部を改正する法律の施行に伴う関係法律の整備等に関する法律案（第１８５回国会内閣提出、第１８６回国会衆議院送付）
第186回国会（常会）,日程第４　原子力委員会設置法の一部を改正する法律案（内閣提出、衆議院送付）
第186回国会（常会）,日程第５　放送法及び電波法の一部を改正する法律案（内閣提出、衆議院送付）
第186回国会（常会）,日程第６　行政書士法の一部を改正する法律案（衆議院提出）
第186回国会（常会）,日程第７　小規模企業振興基本法案（内閣提出、衆議院送付）
第186回国会（常会）,日程第８　商工会及び商工会議所による小規模事業者の支援に関する法律の一部を改正する法律案（内閣提出、衆議院送付）
第186回国会（常会）,日程第９　学校教育法及び国立大学法人法の一部を改正する法律案（内閣提出、衆議院送付）
第186回国会（常会）,日程第１０　学校図書館法の一部を改正する法律案（衆議院提出）
第186回国会（常会）,日程第１１　養豚農業振興法案（衆議院提出）
第186回国会（常会）,日程第１２　花きの振興に関する法律案（衆議院提出）
第186回国会（常会）,日程第１３　内水面漁業の振興に関する法律案（衆議院提出）
第186回国会（常会）,日程第１４　介護・障害福祉従事者の人材確保のための介護・障害福祉従事者の処遇改善に関する法律案（衆議院提出）
第186回国会（常会）,日程第１５　アレルギー疾患対策基本法案（衆議院提出）
第186回国会（常会）,日程第１７　過労死等防止対策推進法案（衆議院提出）
第186回国会（常会）,日程第１６　国民が受ける医療の質の向上のための医療機器の研究開発及び普及の促進に関する法律案（衆議院提出）
第186回国会（常会）,議院運営委員長岩城光英君解任決議案（前川清成君外２名発議）
第186回国会（常会）,国会法等の一部を改正する法律案（衆議院提出）
第186回国会（常会）,参議院規則の一部を改正する規則案（長谷川岳君外２名発議）
第186回国会（常会）,参議院情報監視審査会規程案（長谷川岳君外２名発議）
第186回国会（常会）,日程第１　地域自然資産区域における自然環境の保全及び持続可能な利用の推進に関する法律案（衆議院提出）
第186回国会（常会）,日程第２　児童買春、児童ポルノに係る行為等の処罰及び児童の保護等に関する法律の一部を改正する法律案（衆議院提出）
第186回国会（常会）,日程第３　マンションの建替えの円滑化等に関する法律の一部を改正する法律案（内閣提出、衆議院送付）
第186回国会（常会）,日程第４　宅地建物取引業法の一部を改正する法律案（衆議院提出）
第186回国会（常会）,日程第５　特定農林水産物等の名称の保護に関する法律案（内閣提出、衆議院送付）
第186回国会（常会）,日程第６　地域における医療及び介護の総合的な確保を推進するための関係法律の整備等に関する法律案（内閣提出、衆議院送付）
第186回国会（常会）,日程第１　投資の促進及び保護に関する日本国とサウジアラビア王国との間の協定の締結について承認を求めるの件（衆議院送付）
第186回国会（常会）,日程第２　投資の相互の自由化、促進及び保護に関する日本国政府とモザンビーク共和国政府との間の協定の締結について承認を求めるの件（衆議院送付）
第186回国会（常会）,日程第３　投資の自由化、促進及び保護に関する日本国政府とミャンマー連邦共和国政府との間の協定の締結について承認を求めるの件（衆議院送付）
第186回国会（常会）,日程第４　航空業務に関する日本国政府とビルマ連邦政府との間の協定を改正する議定書の締結について承認を求めるの件（衆議院送付）
第186回国会（常会）,日程第５　日本国憲法の改正手続に関する法律の一部を改正する法律案（衆議院提出）
第186回国会（常会）,日程第６　農業の担い手に対する経営安定のための交付金の交付に関する法律の一部を改正する法律案（内閣提出、衆議院送付）
第186回国会（常会）,日程第７　農業の有する多面的機能の発揮の促進に関する法律案（内閣提出、衆議院送付）
第186回国会（常会）,日程第８　地方教育行政の組織及び運営に関する法律の一部を改正する法律案（内閣提出、衆議院送付）
第186回国会（常会）,国家公務員等の任命に関する件「情報公開・個人情報保護審査会委員（鈴木健太君）」
第186回国会（常会）,国家公務員等の任命に関する件「情報公開・個人情報保護審査会委員（市川玲子君及び常岡孝好君）、中央更生保護審査会委員長（安倍嘉人君）、労働保険審査会委員（神尾真知子君）、土地鑑定委員会委員（森田修君、清常智之君、井出多加子君、亀島祝子君、小津稚加子君、若崎周君及び河合芳樹君）及び運輸安全委員会委員（庄司邦昭君、小須田敏君及び根本美奈君）」
第186回国会（常会）,国家公務員等の任命に関する件「原子力規制委員会委員（田中知君）」
第186回国会（常会）,国家公務員等の任命に関する件「原子力規制委員会委員（石渡明君）」
第186回国会（常会）,日程第１　平成二十三年度一般会計歳入歳出決算、平成二十三年度特別会計歳入歳出決算、平成二十三年度国税収納金整理資金受払計算書、平成二十三年度政府関係機関決算書「委員長報告のとおり是認すること」
第186回国会（常会）,日程第２　平成二十四年度一般会計歳入歳出決算、平成二十四年度特別会計歳入歳出決算、平成二十四年度国税収納金整理資金受払計算書、平成二十四年度政府関係機関決算書「委員長報告のとおり是認すること」
第186回国会（常会）,日程第１　平成二十三年度一般会計歳入歳出決算、平成二十三年度特別会計歳入歳出決算、平成二十三年度国税収納金整理資金受払計算書、平成二十三年度政府関係機関決算書、日程第２　平成二十四年度一般会計歳入歳出決算、平成二十四年度特別会計歳入歳出決算、平成二十四年度国税収納金整理資金受払計算書、平成二十四年度政府関係機関決算書「委員長報告のとおり内閣に対し警告すること」
第186回国会（常会）,日程第３　平成二十三年度国有財産増減及び現在額総計算書
第186回国会（常会）,日程第５　平成二十四年度国有財産増減及び現在額総計算書
第186回国会（常会）,日程第４　平成二十三年度国有財産無償貸付状況総計算書
第186回国会（常会）,日程第６　平成二十四年度国有財産無償貸付状況総計算書
第186回国会（常会）,日程第７　海洋汚染等及び海上災害の防止に関する法律の一部を改正する法律案（内閣提出、衆議院送付）
第186回国会（常会）,日程第８　電気事業法等の一部を改正する法律案（内閣提出、衆議院送付）
第186回国会（常会）,日程第９　出入国管理及び難民認定法の一部を改正する法律案（内閣提出、衆議院送付）
第186回国会（常会）,日程第１　不当景品類及び不当表示防止法等の一部を改正する等の法律案（内閣提出、衆議院送付）
第186回国会（常会）,日程第２　防衛省設置法等の一部を改正する法律案（内閣提出、衆議院送付）
第186回国会（常会）,日程第３　独立行政法人通則法の一部を改正する法律案（内閣提出、衆議院送付）
第186回国会（常会）,日程第４　独立行政法人通則法の一部を改正する法律の施行に伴う関係法律の整備に関する法律案（内閣提出、衆議院送付）
第186回国会（常会）,日程第５　行政不服審査法案（内閣提出、衆議院送付）
第186回国会（常会）,日程第６　行政不服審査法の施行に伴う関係法律の整備等に関する法律案（内閣提出、衆議院送付）
第186回国会（常会）,日程第７　行政手続法の一部を改正する法律案（内閣提出、衆議院送付）
第186回国会（常会）,日程第１　核物質の防護に関する条約の改正の受諾について承認を求めるの件（衆議院送付）
第186回国会（常会）,日程第２　刑を言い渡された者の移送に関する日本国とブラジル連邦共和国との間の条約の締結について承認を求めるの件（衆議院送付）
第186回国会（常会）,日程第３　重大な犯罪を防止し、及びこれと戦う上での協力の強化に関する日本国政府とアメリカ合衆国政府との間の協定の締結について承認を求めるの件（衆議院送付）
第186回国会（常会）,日程第４　政府管掌年金事業等の運営の改善のための国民年金法等の一部を改正する法律案（内閣提出、衆議院送付）
第186回国会（常会）,日程第５　海岸法の一部を改正する法律案（内閣提出、衆議院送付）
第186回国会（常会）,日程第６　少年院法案（内閣提出、衆議院送付）
第186回国会（常会）,日程第７　少年鑑別所法案（内閣提出、衆議院送付）
第186回国会（常会）,日程第８　少年院法及び少年鑑別所法の施行に伴う関係法律の整備等に関する法律案（内閣提出、衆議院送付）
第186回国会（常会）,参議院規則の一部を改正する規則案（岩城光英君外９名発議）
第186回国会（常会）,日程第１　平成二十三年度一般会計東日本大震災復旧・復興予備費使用総調書及び各省各庁所管使用調書（第１８３回国会内閣提出、第１８６回国会衆議院送付）
第186回国会（常会）,日程第２　平成二十三年度一般会計予備費使用総調書及び各省各庁所管使用調書（第１８３回国会内閣提出、第１８６回国会衆議院送付）
第186回国会（常会）,日程第３　平成二十三年度特別会計予備費使用総調書及び各省各庁所管使用調書（第１８３回国会内閣提出、第１８６回国会衆議院送付）
第186回国会（常会）,日程第４　平成二十三年度特別会計予算総則第十七条第一項の規定による経費増額総調書及び各省各庁所管経費増額調書（第１８３回国会内閣提出、第１８６回国会衆議院送付）
第186回国会（常会）,日程第７　平成二十四年度特別会計予備費使用総調書及び各省各庁所管使用調書（その１）（第１８３回国会内閣提出、第１８６回国会衆議院送付）
第186回国会（常会）,日程第９　平成二十四年度特別会計予算総則第二十二条第一項の規定による経費増額総調書及び各省各庁所管経費増額調書（その２）（第１８３回国会内閣提出、第１８６回国会衆議院送付）
第186回国会（常会）,日程第５　平成二十四年度一般会計経済危機対応・地域活性化予備費使用総調書及び各省各庁所管使用調書（第１８３回国会内閣提出、第１８６回国会衆議院送付）
第186回国会（常会）,日程第６　平成二十四年度一般会計予備費使用総調書及び各省各庁所管使用調書（その１）（第１８３回国会内閣提出、第１８６回国会衆議院送付）
第186回国会（常会）,日程第８　平成二十四年度特別会計予算総則第二十二条第一項の規定による経費増額総調書及び各省各庁所管経費増額調書（その１）（第１８３回国会内閣提出、第１８６回国会衆議院送付）
第186回国会（常会）,日程第１０　平成二十四年度一般会計国庫債務負担行為総調書（その１）
第186回国会（常会）,日程第１１　道路法等の一部を改正する法律案（内閣提出、衆議院送付）
第186回国会（常会）,日程第１２　重大な犯罪を防止し、及びこれと戦う上での協力の強化に関する日本国政府とアメリカ合衆国政府との間の協定の実施に関する法律案（内閣提出、衆議院送付）
第186回国会（常会）,日程第１３　地域の自主性及び自立性を高めるための改革の推進を図るための関係法律の整備に関する法律案（内閣提出、衆議院送付）
第186回国会（常会）,日程第１４　司法試験法の一部を改正する法律案（内閣提出、衆議院送付）
第186回国会（常会）,日程第１　金融商品取引法等の一部を改正する法律案（内閣提出、衆議院送付）
第186回国会（常会）,日程第２　保険業法等の一部を改正する法律案（内閣提出、衆議院送付）
第186回国会（常会）,日程第３　健康・医療戦略推進法案（内閣提出、衆議院送付）
第186回国会（常会）,日程第４　独立行政法人日本医療研究開発機構法案（内閣提出、衆議院送付）
第186回国会（常会）,日程第５　国民の祝日に関する法律の一部を改正する法律案（衆議院提出）
第186回国会（常会）,日程第６　地方自治法の一部を改正する法律案（内閣提出、衆議院送付）
第186回国会（常会）,日程第７　難病の患者に対する医療等に関する法律案（内閣提出、衆議院送付）
第186回国会（常会）,日程第８　児童福祉法の一部を改正する法律案（内閣提出、衆議院送付）
第186回国会（常会）,日程第９　鳥獣の保護及び狩猟の適正化に関する法律の一部を改正する法律案（内閣提出、衆議院送付）
第186回国会（常会）,日程第１　南インド洋漁業協定の締結について承認を求めるの件（衆議院送付）
第186回国会（常会）,日程第２　二千四年の船舶のバラスト水及び沈殿物の規制及び管理のための国際条約の締結について承認を求めるの件（衆議院送付）
第186回国会（常会）,日程第１　独立行政法人医薬基盤研究所法の一部を改正する法律案（内閣提出、衆議院送付）
第186回国会（常会）,日程第２　原子力損害賠償支援機構法の一部を改正する法律案（内閣提出、衆議院送付）
第186回国会（常会）,日程第３　都市再生特別措置法等の一部を改正する法律案（内閣提出、衆議院送付）
第186回国会（常会）,日程第４　地域公共交通の活性化及び再生に関する法律の一部を改正する法律案（内閣提出、衆議院送付）
第186回国会（常会）,日程第１　著作権法の一部を改正する法律案（内閣提出、衆議院送付）
第186回国会（常会）,日程第２　地方公務員法及び地方独立行政法人法の一部を改正する法律案（内閣提出、衆議院送付）
第186回国会（常会）,日程第１　第三海兵機動展開部隊の要員及びその家族の沖縄からグアムへの移転の実施に関する日本国政府とアメリカ合衆国政府との間の協定を改正する議定書の締結について承認を求めるの件（衆議院送付）
第186回国会（常会）,日程第２　武器貿易条約の締結について承認を求めるの件（衆議院送付）
第186回国会（常会）,日程第３　東日本大震災復興特別区域法の一部を改正する法律案（衆議院提出）
第186回国会（常会）,日程第４　内閣府設置法の一部を改正する法律案（内閣提出、衆議院送付）
第186回国会（常会）,日程第５　港湾法の一部を改正する法律案（内閣提出、衆議院送付）
第186回国会（常会）,日程第１　原子力の平和的利用における協力のための日本国政府とアラブ首長国連邦政府との間の協定の締結について承認を求めるの件（第１８５回国会内閣提出、第１８６回国会衆議院送付）
第186回国会（常会）,日程第２　平和的目的のための原子力の利用における協力のための日本国政府とトルコ共和国政府との間の協定の締結について承認を求めるの件（第１８５回国会内閣提出、第１８６回国会衆議院送付）
第186回国会（常会）,日程第３　中心市街地の活性化に関する法律の一部を改正する法律案（内閣提出、衆議院送付）
第186回国会（常会）,日程第４　外国弁護士による法律事務の取扱いに関する特別措置法の一部を改正する法律案（内閣提出、衆議院送付）
第186回国会（常会）,日程第１　放射線を発散させて人の生命等に危険を生じさせる行為等の処罰に関する法律の一部を改正する法律案（内閣提出、衆議院送付）
第186回国会（常会）,日程第２　電波法の一部を改正する法律案（内閣提出、衆議院送付）
第186回国会（常会）,日程第３　次代の社会を担う子どもの健全な育成を図るための次世代育成支援対策推進法等の一部を改正する法律案（内閣提出、衆議院送付）
第186回国会（常会）,日程第４　短時間労働者の雇用管理の改善等に関する法律の一部を改正する法律案（内閣提出、衆議院送付）
第186回国会（常会）,日程第１　株式会社海外交通・都市開発事業支援機構法案（内閣提出、衆議院送付）
第186回国会（常会）,日程第２　国家公務員法等の一部を改正する法律案（第１８５回国会内閣提出、第１８６回国会衆議院送付）
第186回国会（常会）,日程第３　少年法の一部を改正する法律案（内閣提出、衆議院送付）
第186回国会（常会）,日程第１　電気通信事業法の一部を改正する法律案（内閣提出）
第186回国会（常会）,日程第２　義務教育諸学校の教科用図書の無償措置に関する法律の一部を改正する法律案（内閣提出、衆議院送付）
第186回国会（常会）,日程第３　森林国営保険法等の一部を改正する法律案（内閣提出、衆議院送付）
第186回国会（常会）,日程第４　労働安全衛生法の一部を改正する法律案（内閣提出）
第186回国会（常会）,日程第２　所得に対する租税に関する二重課税の回避及び脱税の防止のための日本国とアラブ首長国連邦との間の条約の締結について承認を求めるの件
第186回国会（常会）,日程第３　所得に対する租税に関する二重課税の回避及び脱税の防止のための日本国とスウェーデンとの間の条約を改正する議定書の締結について承認を求めるの件
第186回国会（常会）,日程第４　所得及び譲渡収益に対する租税に関する二重課税の回避及び脱税の防止のための日本国とグレートブリテン及び北アイルランド連合王国との間の条約を改正する議定書の締結について承認を求めるの件
第186回国会（常会）,日程第５　所得に対する租税に関する二重課税の回避及び脱税の防止のための日本国政府とオマーン国政府との間の協定の締結について承認を求めるの件
第186回国会（常会）,日程第６　貿易保険法の一部を改正する法律案（内閣提出、衆議院送付）
第186回国会（常会）,日程第７　建設業法等の一部を改正する法律案（内閣提出）
第186回国会（常会）,日程第９　公共工事の品質確保の促進に関する法律の一部を改正する法律案（国土交通委員長提出）
第186回国会（常会）,日程第８　建築基準法の一部を改正する法律案（内閣提出）
第186回国会（常会）,日程第１　特許法等の一部を改正する法律案（内閣提出）
第186回国会（常会）,日程第１　日本放送協会平成二十二年度財産目録、貸借対照表、損益計算書、資本等変動計算書及びキャッシュ・フロー計算書並びにこれらに関する説明書
第186回国会（常会）,日程第２　日本放送協会平成二十三年度財産目録、貸借対照表、損益計算書、資本等変動計算書及びキャッシュ・フロー計算書並びにこれらに関する説明書
第186回国会（常会）,日程第３　日本放送協会平成二十四年度財産目録、貸借対照表、損益計算書、資本等変動計算書及びキャッシュ・フロー計算書並びにこれらに関する説明書
第186回国会（常会）,日程第４　放送法第七十条第二項の規定に基づき、承認を求めるの件（衆議院送付）
第186回国会（常会）,日程第２　沖縄振興特別措置法の一部を改正する法律案（内閣提出、衆議院送付）
第186回国会（常会）,日程第３　裁判所職員定員法の一部を改正する法律案（内閣提出、衆議院送付）
第186回国会（常会）,日程第４　関税定率法及び関税暫定措置法の一部を改正する法律案（内閣提出、衆議院送付）
第186回国会（常会）,日程第５　国際開発協会への加盟に伴う措置に関する法律の一部を改正する法律案（内閣提出、衆議院送付）
第186回国会（常会）,日程第６　成田国際空港周辺整備のための国の財政上の特別措置に関する法律の一部を改正する法律案（内閣提出、衆議院送付）
第186回国会（常会）,日程第７　特定農産加工業経営改善臨時措置法の一部を改正する法律案（内閣提出）
第186回国会（常会）,日程第８　奄美群島振興開発特別措置法及び小笠原諸島振興開発特別措置法の一部を改正する法律案（内閣提出、衆議院送付）
第186回国会（常会）,日程第９　株式会社地域経済活性化支援機構法の一部を改正する法律案（内閣提出）
第186回国会（常会）,日程第１０　雇用保険法の一部を改正する法律案（内閣提出、衆議院送付）
第186回国会（常会）,日程第１１　在外公館の名称及び位置並びに在外公館に勤務する外務公務員の給与に関する法律の一部を改正する法律案（内閣提出、衆議院送付）
第186回国会（常会）,日程第１　過疎地域自立促進特別措置法の一部を改正する法律案（衆議院提出）
第186回国会（常会）,日程第２　私立学校法の一部を改正する法律案（内閣提出、衆議院送付）
第186回国会（常会）,平成二十六年度一般会計予算
第186回国会（常会）,平成二十六年度特別会計予算
第186回国会（常会）,平成二十六年度政府関係機関予算
第186回国会（常会）,日程第１　水循環基本法案（国土交通委員長提出）
第186回国会（常会）,日程第２　雨水の利用の推進に関する法律案（国土交通委員長提出）
第186回国会（常会）,所得税法等の一部を改正する法律案（内閣提出、衆議院送付）
第186回国会（常会）,地方法人税法案（内閣提出、衆議院送付）
第186回国会（常会）,地方税法等の一部を改正する法律案（内閣提出、衆議院送付）
第186回国会（常会）,地方交付税法等の一部を改正する法律案（内閣提出、衆議院送付）
第186回国会（常会）,日程第１　国家公務員等の任命に関する件「人事官（立花宏君）」
第186回国会（常会）,日程第１　国家公務員等の任命に関する件「総合科学技術会議議員（小谷元子君）、衆議院議員選挙区画定審議会委員（川人貞史君、大山礼子君及び宮崎緑君）、情報公開・個人情報保護審査会委員（椿愼美君及び山田洋君）、公正取引委員会委員（山本和史君）、労働保険審査会委員（小賀野晶一君）、中央社会保険医療協議会公益委員（田辺国昭君）、社会保険審査会委員長（渡邉等君）、同委員（宮城準子君）、運輸審議会委員（根本敏則君）及び公害健康被害補償不服審査会委員（町田和子君）」
第186回国会（常会）,日程第１　国家公務員等の任命に関する件「総合科学技術会議議員（中西宏明君及び平野俊夫君）及び衆議院議員選挙区画定審議会委員（長谷部恭男君及び久保信保君）」
第186回国会（常会）,日程第１　国家公務員等の任命に関する件「原子力委員会委員長（岡芳明君）」
第186回国会（常会）,日程第１　国家公務員等の任命に関する件「原子力委員会委員（中西友子君）及び労働保険審査会委員（木村亨君）」
第186回国会（常会）,日程第１　国家公務員等の任命に関する件「原子力委員会委員（阿部信泰君）」
第186回国会（常会）,日程第１　国家公務員等の任命に関する件「衆議院議員選挙区画定審議会委員（小早川光郎君）」
第186回国会（常会）,日程第１　国家公務員等の任命に関する件「衆議院議員選挙区画定審議会委員（住田裕子君）」
第186回国会（常会）,日程第１　国家公務員等の任命に関する件「情報公開・個人情報保護審査会委員（南野聡君）」
第186回国会（常会）,日程第１　国家公務員等の任命に関する件「中央社会保険医療協議会公益委員（松原由美君）」
第186回国会（常会）,日程第１　独立行政法人科学技術振興機構法の一部を改正する法律案（内閣提出、衆議院送付）
第186回国会（常会）,地方交付税法の一部を改正する法律案（内閣提出、衆議院送付）
第186回国会（常会）,日程第１　平成二十五年度一般会計補正予算（第１号）
第186回国会（常会）,日程第２　平成二十五年度特別会計補正予算（特第１号）
第186回国会（常会）,日程第３　平成二十五年度政府関係機関補正予算（機第１号）
第186回国会（常会）,参議院規則の一部を改正する規則案（岩城光英君外８名発議）
第183回国会（常会）,日程第１　議長不信任決議案（中曽根弘文君外６名発議）
第183回国会（常会）,内閣総理大臣安倍晋三君問責決議案（森ゆうこ君外２名発議）
第183回国会（常会）,日程第１　食品表示法案（内閣提出、衆議院送付）
第183回国会（常会）,日程第２　配偶者からの暴力の防止及び被害者の保護に関する法律の一部を改正する法律案（内閣委員長提出）
第183回国会（常会）,日程第３　ストーカー行為等の規制等に関する法律の一部を改正する法律案（内閣委員長提出）
第183回国会（常会）,日程第４　旅券法の一部を改正する法律案（内閣提出、衆議院送付）
第183回国会（常会）,日程第５　いじめ防止対策推進法案（衆議院提出）
第183回国会（常会）,日程第１　北太平洋における公海の漁業資源の保存及び管理に関する条約の締結について承認を求めるの件
第183回国会（常会）,日程第２　食料及び農業のための植物遺伝資源に関する国際条約の締結について承認を求めるの件
第183回国会（常会）,日程第３　民間の能力を活用した国管理空港等の運営等に関する法律案（内閣提出、衆議院送付）
第183回国会（常会）,日程第４　大規模な災害の被災地における借地借家に関する特別措置法案（内閣提出、衆議院送付）
第183回国会（常会）,日程第５　被災区分所有建物の再建等に関する特別措置法の一部を改正する法律案（内閣提出、衆議院送付）
第183回国会（常会）,日程第６　死刑再審無罪者に対し国民年金の給付等を行うための国民年金の保険料の納付の特例等に関する法律案（衆議院提出）
第183回国会（常会）,日程第７　障害を理由とする差別の解消の推進に関する法律案（内閣提出、衆議院送付）
第183回国会（常会）,日程第８　公的年金制度の健全性及び信頼性の確保のための厚生年金保険法等の一部を改正する法律案（内閣提出、衆議院送付）
第183回国会（常会）,日程第９　子どもの貧困対策の推進に関する法律案（衆議院提出）
第183回国会（常会）,日程第１　脱税の防止のための情報の交換及び個人の所得に対する租税に関する二重課税の回避のための日本国政府とジャージー政府との間の協定の締結について承認を求めるの件（衆議院送付）
第183回国会（常会）,日程第２　租税に関する情報の交換及び個人の所得に対する租税に関する二重課税の回避のための日本国政府とガーンジー政府との間の協定の締結について承認を求めるの件（衆議院送付）
第183回国会（常会）,日程第４　租税に関する相互行政支援に関する条約及び租税に関する相互行政支援に関する条約を改正する議定書の締結について承認を求めるの件（衆議院送付）
第183回国会（常会）,日程第３　所得に対する租税に関する二重課税の回避及び脱税の防止のための日本国とポルトガル共和国との間の条約の締結について承認を求めるの件（衆議院送付）
第183回国会（常会）,日程第５　所得に対する租税に関する二重課税の回避及び脱税の防止のための日本国政府とアメリカ合衆国政府との間の条約を改正する議定書の締結について承認を求めるの件（衆議院送付）
第183回国会（常会）,日程第６　所得に対する租税に関する二重課税の回避及び脱税の防止のための日本国とニュージーランドとの間の条約の締結について承認を求めるの件（衆議院送付）
第183回国会（常会）,日程第７　災害対策基本法等の一部を改正する法律案（内閣提出、衆議院送付）
第183回国会（常会）,日程第８　大規模災害からの復興に関する法律案（内閣提出、衆議院送付）
第183回国会（常会）,日程第９　総合特別区域法の一部を改正する法律案（内閣提出、衆議院送付）
第183回国会（常会）,日程第１０　食品の製造過程の管理の高度化に関する臨時措置法の一部を改正する法律案（内閣提出、衆議院送付）
第183回国会（常会）,日程第１１　大気汚染防止法の一部を改正する法律案（内閣提出、衆議院送付）
第183回国会（常会）,日程第１２　放射性物質による環境の汚染の防止のための関係法律の整備に関する法律案（内閣提出、衆議院送付）
第183回国会（常会）,日程第１３　不動産特定共同事業法の一部を改正する法律案（内閣提出、衆議院送付）
第183回国会（常会）,日程第１４　小規模企業の事業活動の活性化のための中小企業基本法等の一部を改正する等の法律案（内閣提出、衆議院送付）
第183回国会（常会）,日程第１５　一般職の職員の給与に関する法律の一部を改正する法律案（内閣提出、衆議院送付）
第183回国会（常会）,日程第１　金融商品取引法等の一部を改正する法律案（内閣提出、衆議院送付）
第183回国会（常会）,日程第２　株式会社海外需要開拓支援機構法案（内閣提出、衆議院送付）
第183回国会（常会）,日程第３　国際的な子の奪取の民事上の側面に関する条約の実施に関する法律案（内閣提出、衆議院送付）
第183回国会（常会）,日程第４　民法の一部を改正する法律案（前川清成君外６名発議）（参第６号）「委員長報告のとおり修正議決すること」
第183回国会（常会）,国家公務員等の任命に関する件「人事官（一宮なほみ君）」
第183回国会（常会）,国家公務員等の任命に関する件「検査官（柳麻理君）」
第183回国会（常会）,国家公務員等の任命に関する件「預金保険機構理事（井上美昭君）」
第183回国会（常会）,国家公務員等の任命に関する件「預金保険機構理事（小幡浩之君）、日本放送協会経営委員会委員（浜田健一郎君、宮田亮平君、美馬のゆり君及び室伏きみ子君）、労働保険審査会委員（品田充儀君及び中嶋士元也君）、中央社会保険医療協議会公益委員（森田朗君及び野口晴子君）及び社会保険審査会委員（西島幸夫君）」
第183回国会（常会）,国家公務員等の任命に関する件「日本放送協会経営委員会委員（上田良一君）」
第183回国会（常会）,日程第１　刑法等の一部を改正する法律案（内閣提出）
第183回国会（常会）,日程第２　薬物使用等の罪を犯した者に対する刑の一部の執行猶予に関する法律案（内閣提出）
第183回国会（常会）,日程第３　犯罪被害者等の権利利益の保護を図るための刑事手続に付随する措置に関する法律及び総合法律支援法の一部を改正する法律案（内閣提出、衆議院送付）
第183回国会（常会）,日程第４　民間資金等の活用による公共施設等の整備等の促進に関する法律の一部を改正する法律案（内閣提出、衆議院送付）
第183回国会（常会）,日程第５　特定製品に係るフロン類の回収及び破壊の実施の確保等に関する法律の一部を改正する法律案（内閣提出、衆議院送付）
第183回国会（常会）,日程第６　障害者の雇用の促進等に関する法律の一部を改正する法律案（内閣提出）
第183回国会（常会）,日程第８　戦没者等の妻に対する特別給付金支給法及び戦没者の父母等に対する特別給付金支給法の一部を改正する法律案（内閣提出、衆議院送付）
第183回国会（常会）,日程第７　精神保健及び精神障害者福祉に関する法律の一部を改正する法律案（内閣提出）「委員長報告のとおり修正議決すること」
第183回国会（常会）,日程第９　電波法の一部を改正する法律案（内閣提出、衆議院送付）
第183回国会（常会）,日程第１０　在外公館の名称及び位置並びに在外公館に勤務する外務公務員の給与に関する法律の一部を改正する法律案（内閣提出、衆議院送付）「委員長報告のとおり修正議決すること」
第183回国会（常会）,日程第１１　消費税の円滑かつ適正な転嫁の確保のための消費税の転嫁を阻害する行為の是正等に関する特別措置法案（内閣提出、衆議院送付）
第183回国会（常会）,日程第１２　水防法及び河川法の一部を改正する法律案（内閣提出、衆議院送付）
第183回国会（常会）,日程第１　東日本大震災に係る原子力損害賠償紛争についての原子力損害賠償紛争審査会による和解仲介手続の利用に係る時効の中断の特例に関する法律案（内閣提出、衆議院送付）
第183回国会（常会）,日程第２　道路法等の一部を改正する法律案（内閣提出、衆議院送付）
第183回国会（常会）,日程第３　港湾法の一部を改正する法律案（内閣提出、衆議院送付）
第183回国会（常会）,日程第１　成年被後見人の選挙権の回復等のための公職選挙法等の一部を改正する法律案（衆議院提出）
第183回国会（常会）,日程第２　健康保険法等の一部を改正する法律案（内閣提出、衆議院送付）
第183回国会（常会）,日程第３　気象業務法及び国土交通省設置法の一部を改正する法律案（内閣提出、衆議院送付）
第183回国会（常会）,日程第４　地方公共団体情報システム機構法案（内閣提出、衆議院送付）
第183回国会（常会）,日程第５　森林の間伐等の実施の促進に関する特別措置法の一部を改正する法律案（内閣提出、衆議院送付）
第183回国会（常会）,日程第６　行政手続における特定の個人を識別するための番号の利用等に関する法律案（内閣提出、衆議院送付）
第183回国会（常会）,日程第７　行政手続における特定の個人を識別するための番号の利用等に関する法律の施行に伴う関係法律の整備等に関する法律案（内閣提出、衆議院送付）
第183回国会（常会）,日程第８　内閣法等の一部を改正する法律案（内閣提出、衆議院送付）
第183回国会（常会）,日程第９　絶滅のおそれのある野生動植物の種の保存に関する法律の一部を改正する法律案（内閣提出）「委員長報告のとおり修正議決すること」
第183回国会（常会）,日程第１０　特定外来生物による生態系等に係る被害の防止に関する法律の一部を改正する法律案（内閣提出）
第183回国会（常会）,日程第１１　エネルギーの使用の合理化に関する法律の一部を改正する等の法律案（内閣提出、衆議院送付）
第183回国会（常会）,日程第１　平成二十二年度一般会計歳入歳出決算、平成二十二年度特別会計歳入歳出決算、平成二十二年度国税収納金整理資金受払計算書、平成二十二年度政府関係機関決算書「委員長報告のとおり是認すること」
第183回国会（常会）,日程第１　平成二十二年度一般会計歳入歳出決算、平成二十二年度特別会計歳入歳出決算、平成二十二年度国税収納金整理資金受払計算書、平成二十二年度政府関係機関決算書「委員長報告のとおり内閣に対し警告すること」
第183回国会（常会）,日程第２　平成二十二年度国有財産増減及び現在額総計算書
第183回国会（常会）,日程第３　平成二十二年度国有財産無償貸付状況総計算書
第183回国会（常会）,日程第４　国際的な子の奪取の民事上の側面に関する条約の締結について承認を求めるの件（衆議院送付）
第183回国会（常会）,日程第５　建築物の耐震改修の促進に関する法律の一部を改正する法律案（内閣提出、衆議院送付）
第183回国会（常会）,日程第１　道路交通法の一部を改正する法律案（内閣提出）
第183回国会（常会）,日程第２　独立行政法人日本万国博覧会記念機構法を廃止する法律案（内閣提出、衆議院送付）
第183回国会（常会）,日程第３　地域の自主性及び自立性を高めるための改革の推進を図るための関係法律の整備に関する法律案（内閣提出）
第183回国会（常会）,日程第４　地球温暖化対策の推進に関する法律の一部を改正する法律案（内閣提出、衆議院送付）
第183回国会（常会）,平成二十五年度一般会計予算
第183回国会（常会）,平成二十五年度特別会計予算
第183回国会（常会）,平成二十五年度政府関係機関予算
第183回国会（常会）,日程第１　駐留軍関係離職者等臨時措置法及び国際協定の締結等に伴う漁業離職者に関する臨時措置法の一部を改正する法律案（内閣提出、衆議院送付）
第183回国会（常会）,日程第２　裁判所職員定員法の一部を改正する法律案（内閣提出、衆議院送付）
第183回国会（常会）,日程第１　環境委員長川口順子君解任決議案（松井孝治君外１０名発議）
第183回国会（常会）,日程第１　スポーツ振興投票の実施等に関する法律及び独立行政法人日本スポーツ振興センター法の一部を改正する法律案（衆議院提出）
第183回国会（常会）,日程第２　再生医療を国民が迅速かつ安全に受けられるようにするための施策の総合的な推進に関する法律案（衆議院提出）
第183回国会（常会）,日程第３　麻薬及び向精神薬取締法及び薬事法の一部を改正する法律案（津田弥太郎君外１４名発議）
第183回国会（常会）,日程第４　外国政府に対して有する米穀の売渡しに係る債権の免除に関する特別措置法案（内閣提出、衆議院送付）
第183回国会（常会）,日程第５　福島復興再生特別措置法の一部を改正する法律案（内閣提出、衆議院送付）
第183回国会（常会）,日程第１　公職選挙法の一部を改正する法律案（衆議院提出）
第183回国会（常会）,国家公務員等の任命に関する件「日本銀行総裁（黒田東彦君）」
第183回国会（常会）,日程第１　国会議員の選挙等の執行経費の基準に関する法律の一部を改正する法律案（内閣提出、衆議院送付）
第183回国会（常会）,国家公務員等の任命に関する件「人事官（上林千惠子君）」
第183回国会（常会）,国家公務員等の任命に関する件「検査官（武田紀代惠君）」
第183回国会（常会）,国家公務員等の任命に関する件「会計検査院情報公開・個人情報保護審査会委員（山舖弥一郎君、大塚成男君及び中西敬子君）、情報公開・個人情報保護審査会委員（大野市太郎君、遠藤みどり君、池田綾子君、伊達規子君、加々美光子君、下井康史君及び中川丈久君）、公益認定等委員会委員（山下徹君、小森幹夫君、双木小百合君、門野泉君、北地達明君及び堀裕君）、預金保険機構監事（町田恵美君）、公認会計士・監査審査会会長（千代田邦夫君）、同委員（廣本敏郎君、佐藤淑子君、櫻井久勝君及び淵田康之君）、電気通信紛争処理委員会委員（荒川薫君）、中央更生保護審査会委員（松浪克文君）及び公害健康被害補償不服審査会委員（鎌倉惠子君）」
第183回国会（常会）,国家公務員等の任命に関する件「情報公開・個人情報保護審査会委員（岡島敦子君及び池田陽子君）及び公認会計士・監査審査会委員（市川育義君、坂本道美君及び八木和則君）」
第183回国会（常会）,国家公務員等の任命に関する件「公益認定等委員会委員（時枝孝子君）」
第183回国会（常会）,国家公務員等の任命に関する件「公認会計士・監査審査会委員（木村明子君及び水口啓子君）」
第183回国会（常会）,平成二十五年度一般会計暫定予算
第183回国会（常会）,平成二十五年度特別会計暫定予算
第183回国会（常会）,平成二十五年度政府関係機関暫定予算
第183回国会（常会）,日程第１　外国為替及び外国貿易法第十条第二項の規定に基づき、北朝鮮を仕向地とする貨物の輸出及び北朝鮮を原産地又は船積地域とする貨物の輸入につき承認義務を課する等の措置を講じたことについて承認を求めるの件（衆議院送付）
第183回国会（常会）,日程第２　水産加工業施設改良資金融通臨時措置法の一部を改正する法律案（内閣提出、衆議院送付）
第183回国会（常会）,日程第３　特定船舶の入港の禁止に関する特別措置法第五条第一項の規定に基づき、特定船舶の入港禁止の実施につき承認を求めるの件（衆議院送付）
第183回国会（常会）,日程第４　地方税法の一部を改正する法律案（内閣提出、衆議院送付）
第183回国会（常会）,日程第５　地方交付税法及び特別会計に関する法律の一部を改正する法律案（内閣提出、衆議院送付）
第183回国会（常会）,日程第６　放送法第七十条第二項の規定に基づき、承認を求めるの件（衆議院送付）
第183回国会（常会）,日程第７　所得税法等の一部を改正する法律案（内閣提出、衆議院送付）
第183回国会（常会）,日程第８　関税定率法等の一部を改正する法律案（内閣提出、衆議院送付）
第183回国会（常会）,日程第９　予防接種法の一部を改正する法律案（内閣提出、衆議院送付）
第183回国会（常会）,日程第１　国家公務員等の任命に関する件「日本銀行総裁（黒田東彦君）」
第183回国会（常会）,日程第１　国家公務員等の任命に関する件「日本銀行副総裁（岩田規久男君）」
第183回国会（常会）,日程第１　国家公務員等の任命に関する件「日本銀行副総裁（中曽宏君）」
第183回国会（常会）,第三十二回オリンピック競技大会及び第十六回パラリンピック競技大会に関する決議案（鈴木寛君外９名発議）
第183回国会（常会）,日程第１　国家公務員等の任命に関する件「検査官（河戸光彦君）」
第183回国会（常会）,日程第１　国家公務員等の任命に関する件「公正取引委員会委員長（杉本和行君）」
第183回国会（常会）,日程第１　国家公務員等の任命に関する件①「総合科学技術会議議員（原山優子君及び橋本和仁君）、公正取引委員会委員（山﨑恒君）、国家公安委員会委員（奥野知秀君）、預金保険機構理事（軍司育雄君）、電波監理審議会委員（村田珠美君及び山本隆司君）、日本放送協会経営委員会委員（室伏きみ子君）、労働保険審査会委員（鰺坂隆一君及び坂本由喜子君）、中央社会保険医療協議会委員（印南一路君及び西村万里子君）･･･②へ続く」
第183回国会（常会）,日程第１　国家公務員等の任命に関する件②「①からの続き･･･社会保険審査会委員（木村格君）、中央労働委員会公益委員（山川隆一君、都築弘君、岩村正彦君、長谷部由起子君、鹿野菜穂子君、鎌田耕一君、山下友信君、島田陽一君、諏訪康雄君、中窪裕也君、仁田道夫君、木本洋子君、坂東規子君、藤重由美子君及び山本眞弓君）、運輸安全委員会委員長（後藤昇弘君）、同委員（石川敏行君、遠藤信介君、田中敬司君及び首藤由紀君）及び公害健康被害補償不服審査会委員（柳憲一郎君）」
第183回国会（常会）,日程第１　国家公務員等の任命に関する件「総合科学技術会議議員（久間和生君及び内山田竹志君）、預金保険機構理事長（田邉昌徳君）及び運輸審議会委員（上野文雄君）」
第183回国会（常会）,日程第１　国家公務員等の任命に関する件「預金保険機構理事（櫻井正史君）」
第183回国会（常会）,平成二十四年度一般会計補正予算（第１号）及び平成二十四年度特別会計補正予算（特第１号）に対する修正案（櫻井充君外３名提出）
第183回国会（常会）,平成二十四年度一般会計補正予算（第１号）
第183回国会（常会）,平成二十四年度特別会計補正予算（特第１号）
第183回国会（常会）,平成二十四年度政府関係機関補正予算（機第１号）
第183回国会（常会）,株式会社企業再生支援機構法の一部を改正する法律案（内閣提出、衆議院送付）
第183回国会（常会）,地方交付税法及び特別会計に関する法律の一部を改正する法律案（内閣提出、衆議院送付）
第183回国会（常会）,日程第１　国家公務員等の任命に関する件「原子力規制委員会委員長（田中俊一君）」
第183回国会（常会）,日程第１　国家公務員等の任命に関する件「地方財政審議会委員（鎌田司君及び熊野順祥君）」
第183回国会（常会）,日程第１　国家公務員等の任命に関する件「地方財政審議会委員（小山登志雄君、神野直彦君及び中村玲子君）、公安審査委員会委員長（房村精一君）及び同委員（太田順司君、竹中千春君及び宮家邦彦君）」
第183回国会（常会）,日程第１　国家公務員等の任命に関する件「原子力規制委員会委員（大島賢三君及び島﨑邦彦君）」
第183回国会（常会）,日程第１　国家公務員等の任命に関する件「原子力規制委員会委員（中村佳代子君）」
第183回国会（常会）,日程第１　国家公務員等の任命に関する件「原子力規制委員会委員（更田豊志君）」
第183回国会（常会）,北朝鮮による三度目の核実験に対する抗議決議案（岩城光英君外１４名発議）
